model,task,errorType,id,title,source,publishedAt,language,relevance,eventType,impactDirection,expected,predicted,evidenceSentenceIds,symbols,sectors,rationale,rawOutput,url
xlmr-relevance,relevance,label_mismatch,6a2f0a578a1c034887d3081e,सुशासन र मध्यम वर्गको विस्तार सरकारको मुख्य प्राथमिकता : अर्थमन्त्री वाग्ले,बिजनेस – Page 12 – Online Khabar,2026-05-19T12:25:50.000Z,ne,indirect,fiscal_macroeconomic,uncertain,indirect,not_relevant,S4;S6;S7;S9,,,"अर्थमन्त्रीले सुशासन, भ्रष्टाचार नियन्त्रण र मध्यम वर्गको विस्तार जस्ता वृहत आर्थिक नीतिगत प्राथमिकताहरू प्रस्तुत गरेका छन्, जसले देशको समग्र आर्थिक विकास र बजारको वातावरणमा अप्रत्यक्ष प्रभाव पार्न सक्छ ।",,https://www.onlinekhabar.com/2026/05/1935296/good-governance-and-expansion-of-middle-class-are-the-governments-main-priorities-finance-minister-wagle
xlmr-relevance,relevance,label_mismatch,6a2f0a578a1c034887d3081f,"कृषि मन्त्रालयले भन्यो- मलको अभाव छैन, झन्डै डेढ लाख मेट्रिक टन मौज्दात छ",बिजनेस – Page 12 – Online Khabar,2026-05-19T15:48:54.000Z,ne,not_relevant,not_applicable,not_applicable,not_relevant,indirect,S2;S5,,,"यो समाचार कृषि क्षेत्रको मलको आपूर्ति र मूल्यसँग सम्बन्धित सामान्य खबर हो, जसले नेप्से बजार वा सूचीकृत कम्पनीहरूमा पर्ने कुनै प्रत्यक्ष वा प्रमाणित संयन्त्र देखाउँदैन।",,https://www.onlinekhabar.com/2026/05/1935440/ministry-of-agriculture-says-there-is-no-shortage-of-fertilizer-there-is-a-stock-of-about-1-5-lakh-metric-tons
xlmr-relevance,relevance,label_mismatch,6a2f0a578a1c034887d3082b,"धनियाँको मूल्य बढ्यो, पुदिनाको घट्यो",बिजनेस – Page 11 – Online Khabar,2026-05-25T07:13:34.000Z,ne,not_relevant,not_applicable,not_applicable,not_relevant,direct,S2;S3;S4;S5,,,"यो समाचार कृषि वस्तु (धनियाँ र पुदिना) को मूल्यमा केन्द्रित छ, जसको नेप्से (NEPSE) वा शेयर बजारमा कुनै प्रत्यक्ष वा अप्रत्यक्ष प्रभाव पर्दैन।",,https://www.onlinekhabar.com/2026/05/1939037/coriander-prices-increase-mint-prices-decrease
xlmr-relevance,relevance,label_mismatch,6a2f0a578a1c034887d30834,"देशभरि ६२ लाख ४९ हजार सवारीसाधन दर्ता, मोटरसाइकल मात्र ५० लाख",बिजनेस – Page 9 – Online Khabar,2026-05-27T09:16:06.000Z,ne,not_relevant,not_applicable,not_applicable,not_relevant,indirect,S2;S3,,,सवारीसाधन दर्ता र लाइसेन्स वितरण सम्बन्धी यो तथ्याङ्कीय समाचारको NEPSE मा कुनै प्रत्यक्ष वा अप्रत्यक्ष प्रभाव देखिँदैन।,,https://www.onlinekhabar.com/2026/05/1940704/6-249-million-vehicles-registered-across-the-country-5-million-motorcycles-alone
xlmr-relevance,relevance,label_mismatch,6a2f0a578a1c034887d30837,"धेरै नाफा गर्ने संस्थान आयल निगम, नेवानिको घाटा सवा अर्ब",बिजनेस – Page 9 – Online Khabar,2026-05-27T15:45:08.000Z,ne,not_relevant,not_applicable,not_applicable,not_relevant,indirect,S2;S3;S4;S5;S8,,,यो समाचार सार्वजनिक संस्थानहरूको वित्तीय अवस्था र सरकारको लगानीको बारेमा मात्र छ । यी संस्थानहरू नेप्सेमा सूचीकृत नभएको र यसले शेयर बजारमा पर्ने कुनै विशेष संयन्त्र उल्लेख नभएकोले यो सान्दर्भिक छैन ।,,https://www.onlinekhabar.com/2026/05/1940971/oil-corporation-a-highly-profitable-corporation-has-a-loss-of-1-25-billion
xlmr-relevance,relevance,label_mismatch,6a2f0a578a1c034887d3083a,कर्जा दिनै डराउन थाले बैंकर,बिजनेस – Page 8 – Online Khabar,2026-05-28T16:01:15.000Z,ne,indirect,monetary_liquidity,bearish,indirect,not_relevant,S2;S3;S4;S6;S13;S14,,Banking,बैंकरहरूले कर्जा प्रवाहमा कडाइ गर्दा र राष्ट्र बैंकले सेयर बजारसँग सम्बन्धित क्षेत्रमा कर्जा नीति कडाइ गर्दा बजारमा तरलता संकुचन भई सेयर बजारमा नकारात्मक असर पर्न सक्छ।,,https://www.onlinekhabar.com/2026/05/1940900/bankers-are-afraid-to-give-loans
xlmr-relevance,relevance,label_mismatch,6a2f0a578a1c034887d3083c,विदेशी विनिमय सञ्चितिलाई ‘सोभरिन वेल्थ फन्ड’ परिचालन,बिजनेस – Page 8 – Online Khabar,2026-05-29T10:58:50.000Z,ne,indirect,fiscal_macroeconomic,uncertain,indirect,direct,S2;S3;S4,,,सरकारले विदेशी विनिमय सञ्चितिबाट सोभरिन वेल्थ फन्ड परिचालन गर्ने नीति लिएमा यसले देशको वित्तीय तरलता र लगानीको वातावरणमा प्रभाव पार्न सक्छ ।,,https://www.onlinekhabar.com/2026/05/1942322/mobilizing-foreign-exchange-reserves-through-the-sovereign-wealth-fund
xlmr-relevance,relevance,label_mismatch,6a2f0a578a1c034887d3083f,"सेयर बजारलाई उत्कृष्ट बजेट, यस्ता छन् समेटिएका विषय",बिजनेस – Page 7 – Online Khabar,2026-05-29T14:42:30.000Z,ne,direct,fiscal_macroeconomic,bullish,direct,not_relevant,S3;S4;S6;S9;S2,,Others,पूँजीगत लाभकर अन्तिम हुने नीतिगत व्यवस्थाले बजारमा अनिश्चितता र विवाद कम गर्ने देखिएकाले सरोकारवालाहरूले यसलाई सकारात्मक मान्नुका साथै करको दरमा भएको वृद्धिले लगानीकर्ताको खुद प्रतिफलमा असर पार्ने देखिन्छ।,,https://www.onlinekhabar.com/2026/05/1942670/excellent-budget-for-the-stock-market-these-are-the-topics-covered
xlmr-relevance,relevance,label_mismatch,6a2f0a578a1c034887d30842,"IPO for General Public: Sanigad Hydro Limited Issue 46,74,000 Units IPO Shares from Today",ShareSansar,2026-06-01T02:40:00.000Z,en,direct,capital_action,bullish,direct,indirect,S1;S12;S15,SHL,Hydropower,Sanigad Hydro Limited is raising capital through its IPO and has also received a rating upgrade from ICRA Nepal.,,https://www.sharesansar.com/newsdetail/ipo-for-general-public-sanigad-hydro-limited-issue-4674000-units-ipo-shares-from-today-2026-06-01
xlmr-relevance,relevance,label_mismatch,6a2f0a578a1c034887d30843,एक महिनामै ३२ प्रतिशत महँगियो आलु,बिजनेस – Page 7 – Online Khabar,2026-06-01T07:09:21.000Z,ne,not_relevant,not_applicable,not_applicable,not_relevant,direct,S2;S6;S9,,,"यो समाचारले तरकारीको बजार मूल्यमा भएको परिवर्तनबारे जानकारी दिएको छ, जसको शेयर बजार (NEPSE) सँग कुनै प्रत्यक्ष वा अप्रत्यक्ष सम्बन्ध देखिएको छैन।",,https://www.onlinekhabar.com/2026/06/1944194/potato-prices-rise-32-percent-in-one-month
xlmr-relevance,relevance,label_mismatch,6a2f0a578a1c034887d30846,हिमालयन बैंक र यूनियन पेको सहकार्यमा ‘आरएमबी कार्ड’ सेवा सुरु,बिजनेस – Page 6 – Online Khabar,2026-06-01T13:15:21.000Z,ne,direct,project_operations,bullish,direct,not_relevant,S2;S6;S8,HBL,Banking,नयाँ आरएमबी कार्ड सेवाको माध्यमबाट बैंकले चिनियाँ भ्रमण गर्ने ग्राहकहरूबाट हुने कारोबार र सेवा शुल्क मार्फत राजस्व बढाउन सक्ने सम्भावना रहन्छ ।,,https://www.onlinekhabar.com/2026/06/1944577/rmb-card-service-launched-in-collaboration-with-himalayan-bank-and-union-pay
xlmr-relevance,relevance,label_mismatch,6a31634a8dd189ed627e3634,ब्याजदर करिडोर प्रभावकारी बनाउन स्थायी निक्षेप सुविधा अनिवार्य,बिजनेस – Page 6 – Online Khabar,2026-06-02T09:14:47.000Z,ne,indirect,monetary_liquidity,uncertain,indirect,not_relevant,S1;S2;S3,,Banking,"छानिएका प्रमाण वाक्यहरूले तरलता, ब्याजदर वा मौद्रिक नीतिसम्बन्धी अवस्था देखाउँछन्। यसले NEPSE सँग indirect सम्बन्ध राख्छ र सम्भावित प्रभावको संयन्त्र वित्तीय तरलता हो।",,https://www.onlinekhabar.com/2026/06/1945105/fixed-deposit-facility-mandatory-to-make-interest-rate-corridor-effective
xlmr-relevance,relevance,label_mismatch,6a2f0a578a1c034887d3084e,IPO Issue of Sanigad Hydro Limited Closing Today; Oversubscribed 5.88 Times So Far,ShareSansar,2026-06-04T00:52:00.000Z,en,direct,capital_action,bullish,direct,indirect,S1;S15;S16,SHL,Hydropower,"The IPO of Sanigad Hydro Limited has been oversubscribed 5.88 times and the company's issuer rating has been upgraded by ICRA Nepal, indicating strong investor demand and improved creditworthiness.",,https://www.sharesansar.com/newsdetail/ipo-issue-of-sanigad-hydro-limited-closing-today-oversubscribed-588-times-so-far-2026-06-04
xlmr-relevance,relevance,label_mismatch,6a2f0a578a1c034887d3084f,निगुरोको मूल्य बढ्यो,बिजनेस – Page 5 – Online Khabar,2026-06-04T06:28:23.000Z,ne,not_relevant,not_applicable,not_applicable,not_relevant,direct,S2,,,"यो समाचार स्थानीय कृषि उत्पादनको मूल्यसँग सम्बन्धित छ, जसको NEPSE वा सूचीकृत कम्पनीहरूसँग कुनै प्रत्यक्ष वा अप्रत्यक्ष सम्बन्ध छैन ।",,https://www.onlinekhabar.com/2026/06/1946410/the-price-of-black-pepper-has-increased
xlmr-relevance,relevance,label_mismatch,6a2f0a578a1c034887d30850,ग्लोबल आईएमई बैंकको अगुवाइमा सुपर तमोर जलविद्युत् आयोजनामा १९ अर्ब ऋण सम्झौता,बिजनेस – Page 5 – Online Khabar,2026-06-04T06:43:43.000Z,ne,direct,credit_financing,bullish,direct,indirect,S2;S4;S6,ADBL;GBIME;PRVU,Banking;Hydropower,बैंकहरूले ठूलो रकम कर्जा प्रवाह गर्दा ब्याज आम्दानी बढ्ने सम्भावना रहन्छ ।,,https://www.onlinekhabar.com/2026/06/1946425/global-ime-bank-leads-19-billion-loan-agreement-for-super-tamor-hydropower-project
xlmr-relevance,relevance,label_mismatch,6a2f0a578a1c034887d30851,१६६ मेगावाटको सुपर तमोर आयोजनालाई जुट्यो १९ अर्ब ऋण,बिजनेस – Page 5 – Online Khabar,2026-06-04T06:49:36.000Z,ne,direct,credit_financing,bullish,direct,indirect,S2;S3;S4;S8,GBIME;ADBL,Banking;Hydropower,विभिन्न बैंकहरूले जलविद्युत आयोजनामा ऋण प्रवाह गर्दा उनीहरूको कर्जा विस्तार र ब्याज आम्दानीमा वृद्धि हुन सक्छ ।,,https://www.onlinekhabar.com/2026/06/1946442/the-166-mw-super-tamor-project-has-secured-a-loan-of-19-billion
xlmr-relevance,relevance,label_mismatch,6a31634a8dd189ed627e3652,मौद्रिक नीतिका लागि राष्ट्र बैंकले माग्यो सुझाव,बिजनेस – Page 5 – Online Khabar,2026-06-05T07:51:47.000Z,mixed,indirect,monetary_liquidity,uncertain,indirect,direct,S1;S2;S3,,Banking,"The selected evidence reports liquidity, deposits, rates, or monetary-policy conditions relevant to market financing. This makes the record indirect to NEPSE and supports the monetary_liquidity label through the financing and liquidity mechanism.",,https://www.onlinekhabar.com/2026/06/1947212/nrb-seeks-suggestions-for-monetary-policy
xlmr-relevance,relevance,label_mismatch,6a2f0a578a1c034887d3085a,नबिल बैंकद्वारा नेपाल–भारत क्रस बोर्डर पीटूपी रेमिट्यान्स सेवा सञ्चालन,बिजनेस – Page 4 – Online Khabar,2026-06-07T08:14:17.000Z,ne,direct,project_operations,bullish,direct,not_relevant,S2;S3;S4;S5;S6;S10,NABIL,Banking,नयाँ रेमिट्यान्स सेवाको सुरुवातले बैंकको सेवा विस्तार गर्नुका साथै कारोबारको मात्रा र राजस्व बढाउन मद्दत पुर्‍याउन सक्छ।,,https://www.onlinekhabar.com/2026/06/1948546/nabil-bank-launches-nepal-india-cross-border-p2p-remittance-service
xlmr-relevance,relevance,label_mismatch,6a2f0a578a1c034887d3085b,भारतमा क्यूआरबाट भुक्तानी गर्ने नेपाली सपना अझै अधुरो,बिजनेस – Page 4 – Online Khabar,2026-06-07T16:05:00.000Z,ne,indirect,sector_industry,uncertain,indirect,not_relevant,S3;S4;S7;S9,,Banking;Finance,अन्तरदेशीय डिजिटल भुक्तानी र पी-टु-पी रेमिट्यान्स सेवाको सुरुवातले बैंक तथा वित्तीय संस्थाहरूको डिजिटल कारोबार र सेवाको विस्तारमा सहयोग पुर्‍याउन सक्छ ।,,https://www.onlinekhabar.com/2026/06/1948879/nepali-dream-of-making-payments-through-qr-in-india-still-unfulfilled
xlmr-relevance,relevance,label_mismatch,6a2f0a578a1c034887d3085d,"इप्पानमा विधान संशोधन विवाद चर्कियो, दुलालको आरोपको अध्यक्ष कार्कीद्वारा खण्डन",बिजनेस – Page 4 – Online Khabar,2026-06-08T08:45:12.000Z,ne,indirect,sector_industry,uncertain,indirect,not_relevant,S2;S3;S5;S11,,Hydropower,इप्पान जलविद्युत क्षेत्रका ७०० भन्दा बढी कम्पनीहरूको प्रतिनिधित्व गर्ने संस्था हो । यसको विधान संशोधन र नेतृत्व छनोटको प्रक्रियाले क्षेत्रको समग्र नीतिगत पैरवी र स्थिरतामा प्रभाव पार्न सक्ने सम्भावना रहन्छ ।,,https://www.onlinekhabar.com/2026/06/1949387/controversy-over-amendment-to-ippan-constitution-flares-up-chairman-karki-refutes-dulals-allegations
xlmr-relevance,relevance,label_mismatch,6a2f0a578a1c034887d30869,कुमारी बैंकको ‘ईआरपी’ एकीकृत डिजिटल कर्जा प्ल्याटफर्म सञ्चालनमा,बिजनेस – Page 2 – Online Khabar,2026-06-12T08:02:56.000Z,ne,direct,project_operations,bullish,direct,indirect,S2;S3;S8,KBL,Banking,नयाँ डिजिटल कर्जा प्ल्याटफर्मको सञ्चालनले बैंकको कर्जा विस्तारमा मद्दत पुग्ने र डिजिटल बैंकिङ सेवा मार्फत राजस्व वृद्धि हुने सम्भावना रहन्छ ।,,https://www.onlinekhabar.com/2026/06/1952369/kumari-banks-erp-integrated-digital-lending-platform-launched
xlmr-relevance,relevance,label_mismatch,6a2f0a578a1c034887d3086e,Traditional marketplaces in Nepal’s Tarai are shifting. So are crop yields,The Kathmandu Post - Money,2026-06-13T00:00:00.000Z,en,not_relevant,not_applicable,not_applicable,not_relevant,indirect,S1,,,"The content focuses on rural agricultural trade dynamics and local market structures in the Tarai region, which does not have a direct or documented mechanism affecting the NEPSE or listed securities.",,https://kathmandupost.com/money/2026/06/13/traditional-marketplaces-in-nepal-s-tarai-are-shifting-so-are-crop-yields
xlmr-direction,impactDirection,label_mismatch,6a2f0a578a1c034887d30827,"NEPSE Concludes The Week With 0.97% Gain and Turnover of Rs 17.75 Arba; Weekly Summary with Sector Comparison, Major Highlights, and More",ShareSansar,2026-05-24T03:37:00.000Z,en,direct,market_trading,bullish,bullish,bearish,S1;S5;S9;S10;S15;S16;S14,FMDBL;SABBL,,"The index closed higher for the week and is positioned above its short-term exponential moving averages, which suggests bullish sentiment.",,https://www.sharesansar.com/newsdetail/nepse-concludes-the-week-with-097-gain-and-turnover-of-rs-1775-arba-weekly-summary-with-sector-comparison-major-highlights-and-more-2026-05-24
xlmr-direction,impactDirection,label_mismatch,6a2f0a578a1c034887d3083a,कर्जा दिनै डराउन थाले बैंकर,बिजनेस – Page 8 – Online Khabar,2026-05-28T16:01:15.000Z,ne,indirect,monetary_liquidity,bearish,bearish,uncertain,S2;S3;S4;S6;S13;S14,,Banking,बैंकरहरूले कर्जा प्रवाहमा कडाइ गर्दा र राष्ट्र बैंकले सेयर बजारसँग सम्बन्धित क्षेत्रमा कर्जा नीति कडाइ गर्दा बजारमा तरलता संकुचन भई सेयर बजारमा नकारात्मक असर पर्न सक्छ।,,https://www.onlinekhabar.com/2026/05/1940900/bankers-are-afraid-to-give-loans
xlmr-direction,impactDirection,label_mismatch,6a2f0a578a1c034887d3083f,"सेयर बजारलाई उत्कृष्ट बजेट, यस्ता छन् समेटिएका विषय",बिजनेस – Page 7 – Online Khabar,2026-05-29T14:42:30.000Z,ne,direct,fiscal_macroeconomic,bullish,bullish,uncertain,S3;S4;S6;S9;S2,,Others,पूँजीगत लाभकर अन्तिम हुने नीतिगत व्यवस्थाले बजारमा अनिश्चितता र विवाद कम गर्ने देखिएकाले सरोकारवालाहरूले यसलाई सकारात्मक मान्नुका साथै करको दरमा भएको वृद्धिले लगानीकर्ताको खुद प्रतिफलमा असर पार्ने देखिन्छ।,,https://www.onlinekhabar.com/2026/05/1942670/excellent-budget-for-the-stock-market-these-are-the-topics-covered
xlmr-direction,impactDirection,label_mismatch,6a2f0a578a1c034887d30840,"NEPSE Concludes The Week With 0.86% Gain and Turnover of Rs 16.87 Arba; Weekly Summary with Sector Comparison, Major Highlights, and More",ShareSansar,2026-05-31T03:08:00.000Z,en,direct,market_trading,bullish,bullish,bearish,S2;S6;S10;S11,,,The weekly index increase of 0.86% and technical indicators like the RSI and EMAs suggest a bullish sentiment in the market.,,https://www.sharesansar.com/newsdetail/nepse-concludes-the-week-with-086-gain-and-turnover-of-rs-1687-arba-weekly-summary-with-sector-comparison-major-highlights-and-more-2026-05-31
xlmr-direction,impactDirection,label_mismatch,6a2f0a578a1c034887d30842,"IPO for General Public: Sanigad Hydro Limited Issue 46,74,000 Units IPO Shares from Today",ShareSansar,2026-06-01T02:40:00.000Z,en,direct,capital_action,bullish,bullish,uncertain,S1;S12;S15,SHL,Hydropower,Sanigad Hydro Limited is raising capital through its IPO and has also received a rating upgrade from ICRA Nepal.,,https://www.sharesansar.com/newsdetail/ipo-for-general-public-sanigad-hydro-limited-issue-4674000-units-ipo-shares-from-today-2026-06-01
xlmr-direction,impactDirection,label_mismatch,6a2f0a578a1c034887d30844,"बजेटप्रति सेयर लगानीकर्ता निराश, तीन समूहगत सूचकमा उच्च प्रभाव",बिजनेस – Page 6 – Online Khabar,2026-06-01T09:35:31.000Z,ne,direct,fiscal_macroeconomic,bearish,bearish,uncertain,S2;S4;S5;S7;S15,NRIC,Non-Life Insurance;Others;Trading,"बजेटमा पूँजीगत लाभकर अल्पकालीनका लागि १० प्रतिशत र दीर्घकालीनका लागि साढे ७ प्रतिशत कायम गरिएको र केही आम्दानीमा थप करको आशय भएकाले लगानीकर्ताहरू असन्तुष्ट भएका छन्, जसले बजारमा गिरावट निम्त्याएको छ ।",,https://www.onlinekhabar.com/2026/06/1944391/stock-investors-disappointed-with-budget-high-impact-on-three-group-indicators
xlmr-direction,impactDirection,label_mismatch,6a2f0a578a1c034887d30845,पीपीपी मोडेलमा वेस्ट सेती ४०० केभी प्रसारण आयोजना अघि बढ्ने,बिजनेस – Page 6 – Online Khabar,2026-06-01T13:05:22.000Z,ne,indirect,sector_industry,bullish,bullish,uncertain,S2;S3;S4,,Hydropower,वेस्ट सेती ४०० केभी प्रसारण लाइन जस्ता ठूला पूर्वाधार आयोजनाले जलविद्युत् उत्पादन र प्रसारण प्रणालीबीचको अवरोध कम गरी ऊर्जा क्षेत्रको उत्पादन क्षमता र बिक्री क्षमतामा सकारात्मक प्रभाव पार्न सक्छ ।,,https://www.onlinekhabar.com/2026/06/1944562/west-seti-400-kv-transmission-project-to-move-forward-under-ppp-model
xlmr-direction,impactDirection,label_mismatch,6a2f0a578a1c034887d30846,हिमालयन बैंक र यूनियन पेको सहकार्यमा ‘आरएमबी कार्ड’ सेवा सुरु,बिजनेस – Page 6 – Online Khabar,2026-06-01T13:15:21.000Z,ne,direct,project_operations,bullish,bullish,uncertain,S2;S6;S8,HBL,Banking,नयाँ आरएमबी कार्ड सेवाको माध्यमबाट बैंकले चिनियाँ भ्रमण गर्ने ग्राहकहरूबाट हुने कारोबार र सेवा शुल्क मार्फत राजस्व बढाउन सक्ने सम्भावना रहन्छ ।,,https://www.onlinekhabar.com/2026/06/1944577/rmb-card-service-launched-in-collaboration-with-himalayan-bank-and-union-pay
xlmr-direction,impactDirection,label_mismatch,6a31634a8dd189ed627e3606,Fire Incident Disrupts 5 MW Power Production at Jhapa Energy Limited,ShareSansar,2026-06-02T04:23:00.000Z,en,direct,sector_industry,bearish,bearish,uncertain,S1;S2;S3,JHAPA,Hydropower,The selected evidence reports a sector or company operating condition relevant to listed firms. This makes the record direct to NEPSE and supports the sector_industry label through the operations or capacity mechanism.,,https://www.sharesansar.com/newsdetail/fire-incident-disrupts-5-mw-power-production-at-jhapa-energy-limited-2026-06-02
xlmr-direction,impactDirection,label_mismatch,6a2f0a578a1c034887d3084e,IPO Issue of Sanigad Hydro Limited Closing Today; Oversubscribed 5.88 Times So Far,ShareSansar,2026-06-04T00:52:00.000Z,en,direct,capital_action,bullish,bullish,uncertain,S1;S15;S16,SHL,Hydropower,"The IPO of Sanigad Hydro Limited has been oversubscribed 5.88 times and the company's issuer rating has been upgraded by ICRA Nepal, indicating strong investor demand and improved creditworthiness.",,https://www.sharesansar.com/newsdetail/ipo-issue-of-sanigad-hydro-limited-closing-today-oversubscribed-588-times-so-far-2026-06-04
xlmr-direction,impactDirection,label_mismatch,6a2f0a578a1c034887d30850,ग्लोबल आईएमई बैंकको अगुवाइमा सुपर तमोर जलविद्युत् आयोजनामा १९ अर्ब ऋण सम्झौता,बिजनेस – Page 5 – Online Khabar,2026-06-04T06:43:43.000Z,ne,direct,credit_financing,bullish,bullish,uncertain,S2;S4;S6,ADBL;GBIME;PRVU,Banking;Hydropower,बैंकहरूले ठूलो रकम कर्जा प्रवाह गर्दा ब्याज आम्दानी बढ्ने सम्भावना रहन्छ ।,,https://www.onlinekhabar.com/2026/06/1946425/global-ime-bank-leads-19-billion-loan-agreement-for-super-tamor-hydropower-project
xlmr-direction,impactDirection,label_mismatch,6a2f0a578a1c034887d30851,१६६ मेगावाटको सुपर तमोर आयोजनालाई जुट्यो १९ अर्ब ऋण,बिजनेस – Page 5 – Online Khabar,2026-06-04T06:49:36.000Z,ne,direct,credit_financing,bullish,bullish,uncertain,S2;S3;S4;S8,GBIME;ADBL,Banking;Hydropower,विभिन्न बैंकहरूले जलविद्युत आयोजनामा ऋण प्रवाह गर्दा उनीहरूको कर्जा विस्तार र ब्याज आम्दानीमा वृद्धि हुन सक्छ ।,,https://www.onlinekhabar.com/2026/06/1946442/the-166-mw-super-tamor-project-has-secured-a-loan-of-19-billion
xlmr-direction,impactDirection,label_mismatch,6a2f0a578a1c034887d3085a,नबिल बैंकद्वारा नेपाल–भारत क्रस बोर्डर पीटूपी रेमिट्यान्स सेवा सञ्चालन,बिजनेस – Page 4 – Online Khabar,2026-06-07T08:14:17.000Z,ne,direct,project_operations,bullish,bullish,uncertain,S2;S3;S4;S5;S6;S10,NABIL,Banking,नयाँ रेमिट्यान्स सेवाको सुरुवातले बैंकको सेवा विस्तार गर्नुका साथै कारोबारको मात्रा र राजस्व बढाउन मद्दत पुर्‍याउन सक्छ।,,https://www.onlinekhabar.com/2026/06/1948546/nabil-bank-launches-nepal-india-cross-border-p2p-remittance-service
xlmr-direction,impactDirection,label_mismatch,6a2f0a578a1c034887d30865,NEPSE Records Marginal Gain of 2.57 Points After Consecutive Losing Sessions,ShareSansar,2026-06-10T09:44:00.000Z,en,direct,market_trading,neutral,neutral,bearish,S1;S5;S9;S13;S15;S17;S14;S10,AKJCL;KHPL;PBLD86,Hydropower;Trading,"The document reports the daily trading performance of the Nepal Stock Exchange (NEPSE), including index movement, turnover, sectoral performance, and specific stock activity.",,https://www.sharesansar.com/newsdetail/nepse-records-marginal-gain-of-257-points-after-consecutive-losing-sessions-2026-06-10
xlmr-direction,impactDirection,label_mismatch,6a2f0a578a1c034887d30869,कुमारी बैंकको ‘ईआरपी’ एकीकृत डिजिटल कर्जा प्ल्याटफर्म सञ्चालनमा,बिजनेस – Page 2 – Online Khabar,2026-06-12T08:02:56.000Z,ne,direct,project_operations,bullish,bullish,uncertain,S2;S3;S8,KBL,Banking,नयाँ डिजिटल कर्जा प्ल्याटफर्मको सञ्चालनले बैंकको कर्जा विस्तारमा मद्दत पुग्ने र डिजिटल बैंकिङ सेवा मार्फत राजस्व वृद्धि हुने सम्भावना रहन्छ ।,,https://www.onlinekhabar.com/2026/06/1952369/kumari-banks-erp-integrated-digital-lending-platform-launched
finbert-english-direction,impactDirection,label_mismatch,6a2f0a578a1c034887d30865,NEPSE Records Marginal Gain of 2.57 Points After Consecutive Losing Sessions,ShareSansar,2026-06-10T09:44:00.000Z,en,direct,market_trading,neutral,neutral,bullish,S1;S5;S9;S13;S15;S17;S14;S10,AKJCL;KHPL;PBLD86,Hydropower;Trading,"The document reports the daily trading performance of the Nepal Stock Exchange (NEPSE), including index movement, turnover, sectoral performance, and specific stock activity.",,https://www.sharesansar.com/newsdetail/nepse-records-marginal-gain-of-257-points-after-consecutive-losing-sessions-2026-06-10
qwen-qlora,structured_json,invalid_json,6a2f0a578a1c034887d3081b,मानव-वन्यजन्तु द्वन्द्व व्यवस्थापन गर्न ‘टास्क फोर्स’ गठन,बिजनेस – Page 13 – Online Khabar,2026-05-19T05:50:23.000Z,ne,not_relevant,not_applicable,not_applicable,valid_json,invalid_or_truncated_json,S2;S3;S4,,,"यो समाचार मानव-वन्यजन्तु द्वन्द्व व्यवस्थापनका लागि सरकारले गठन गरेको टास्क फोर्सको बारेमा हो, जसको शेयर बजारमा कुनै प्रभाव पर्ने देखिँदैन ।","{""confidenceBand"": ""high"", ""eventType"": ""regulation"", ""evidence"": [""मानव-वन्यजन्तु द्वन्द्व व्यवस्थापनका लागि प्राविधिक समिति (टास्क फोर्स) गठन गरिएको छ ।"", ""कृषि, वन तथा पर्यावरण मन्त्रालयले वन्यजन्तुबाट हुने क्षति नियन्त्रण, नीति तथा कार्यक्रम सुधार र स्थानीय तहमा प्रभावकारी कार्यान्वयनका लागि टास्क फोर्स गठन गरेको हो ।"", ""मानव–वन्यजन्तु द्वन्द्व व्यवस्थापन विशेषज्ञको संयोजकत्वमा १५ सदस्यीय टास्क फोर्स गठन गरिएको मन्त्रालयले जनाएको छ ।""], ""evidenceSentenceIds"": [""S2"", ""S3"", ""S4""], ""impactDirection"": ""uncertain"", ""impactHorizon"": ""medium_term"", ""impactMechanism"": ""regulation"", ""impactScope"": ""sector"", ""language"": ""en"", ""rationale"": ""The formation of a technical committee (task force) for managing human-wildlife conflict indicates a regulatory or policy development that may influence the sector through improved management frameworks."", ""relevance"": ""indirect"", ""sectors"": [""Agriculture"", ""Environment""], ""summary"": ""The Ministry of Agriculture, Forestry and Environment has formed a 15-me",https://www.onlinekhabar.com/2026/05/1934931/task-force-formed-to-manage-human-wildlife-conflict
qwen-qlora,structured_json,invalid_json,6a2f0a578a1c034887d3081d,सामसङ ग्यालेक्सी एस-२६ प्लसमा २३ हजार रुपैयाँ ‘क्यासब्याक’,बिजनेस – Page 12 – Online Khabar,2026-05-19T11:43:13.000Z,ne,not_relevant,not_applicable,not_applicable,valid_json,invalid_or_truncated_json,S2,,,"यो समाचार सामसङ नेपालको एउटा उपभोक्ता इलेक्ट्रोनिक्स प्रवर्द्धन (promotion) सँग सम्बन्धित छ, जसको नेपालको सेयर बजार (NEPSE) मा कुनै प्रत्यक्ष वा अप्रत्यक्ष प्रभाव पर्दैन ।","{""confidenceBand"": ""high"", ""eventType"": ""capital_action"", ""evidence"": [""सामसङ नेपालले ग्यालेक्सी एस-२६ प्लसमा सीमित अवधिका लागि क्यासब्याक अफर ल्याएको छ ।"", ""यो सीमित अवधिको लागि ग्यालेक्सी एस २६ प्लस खरिद गर्दा ग्राहकहरूले २३ हजार रुपैयाँको इन्स्ट्यान्ट क्यासब्याक पाउँछन्, जसले यसको विशेष अफर मूल्य १ लाख ८२ हजार ९९९ बाट घटेर १ लाख ५९ हजार ९९९ रुपैयाँ पर्दछ ।"", ""कम्पनीका अनुसार यो अफर १९ मे देखि ३१ जुनसम्म मान्य हुनेछ ।""], ""evidenceSentenceIds"": [""S2"", ""S6"", ""S7""], ""impactDirection"": ""bullish"", ""impactHorizon"": ""short_term"", ""impactMechanism"": ""valuation_sentiment"", ""impactScope"": ""company"", ""language"": ""en"", ""rationale"": ""The selected evidence reports a company's capital action, such as a share buyback, dividend, or stock split, which directly affects the company's capital structure or shareholder returns."", ""relevance"": ""direct"", ""sectors"": [""Telecom""], ""summary"": ""Samsung Nepal has introduced a limited-time cashback offer for the Galaxy S-2",https://www.onlinekhabar.com/2026/05/1935233/rs-23000-cashback-on-samsung-galaxy-s26-plus
qwen-qlora,relevance,label_mismatch,6a2f0a578a1c034887d3081f,"कृषि मन्त्रालयले भन्यो- मलको अभाव छैन, झन्डै डेढ लाख मेट्रिक टन मौज्दात छ",बिजनेस – Page 12 – Online Khabar,2026-05-19T15:48:54.000Z,ne,not_relevant,not_applicable,not_applicable,not_relevant,direct,S2;S5,,,"यो समाचार कृषि क्षेत्रको मलको आपूर्ति र मूल्यसँग सम्बन्धित सामान्य खबर हो, जसले नेप्से बजार वा सूचीकृत कम्पनीहरूमा पर्ने कुनै प्रत्यक्ष वा प्रमाणित संयन्त्र देखाउँदैन।","{""confidenceBand"": ""high"", ""eventType"": ""market_trading"", ""evidence"": [""कृषि, वन तथा पर्यावरण मन्त्रालयले एक लाख ४४ हजार ८०३ मेट्रिक टन रासायनिक मल मौज्दात रहेको बताएको छ ।"", ""रामकृष्ण श्रेष्ठले रासायानिक मलको मौज्दातबारे जानकारी दिएका हुन् ।"", ""उनले तत्काल मलको अभाव नरहेको पनि दाबी गरे ।""], ""evidenceSentenceIds"": [""S2"", ""S4"", ""S5""], ""impactDirection"": ""bullish"", ""impactHorizon"": ""short_term"", ""impactMechanism"": ""market_flow"", ""impactScope"": ""sector"", ""language"": ""en"", ""rationale"": ""The availability of chemical fertilizer in the market is expected to support agricultural production and potentially influence the supply and demand dynamics for fertilizers."", ""relevance"": ""direct"", ""sectors"": [""Agriculture""], ""summary"": ""The Ministry of Agriculture, Forests and Soil Conservation has stated that there is a stock of 144,803 metric tons of chemical fertilizer available in the market."", ""symbols"": [], ""tags"": [""chemical fertilizer"", ""stock"", ""agriculture""]}",https://www.onlinekhabar.com/2026/05/1935440/ministry-of-agriculture-says-there-is-no-shortage-of-fertilizer-there-is-a-stock-of-about-1-5-lakh-metric-tons
qwen-qlora,structured_json,invalid_json,6a2f0a578a1c034887d30820,गोलाप्रथामा छनोट नभएकाहरू इजरायल जान नयाँ विज्ञापन कुर्नुपर्ने,बिजनेस – Page 12 – Online Khabar,2026-05-20T05:23:40.000Z,ne,not_relevant,not_applicable,not_applicable,valid_json,invalid_or_truncated_json,S2;S3;S11,,,"यो समाचार वैदेशिक रोजगारी र श्रम मन्त्रालयको प्रक्रियासँग सम्बन्धित छ, जसको नेपालको शेयर बजार (NEPSE) मा कुनै प्रत्यक्ष वा अप्रत्यक्ष प्रभाव पर्ने देखिँदैन ।","{""confidenceBand"": ""high"", ""eventType"": ""regulation"", ""evidence"": [""इजरायलमा दीर्घकालीन स्याहार केन्द्रमा कामदारका रूपमा जान आवेदन दिएर गोलाप्रथा (लट्री) मा नपरेका उम्मेदवारहरूले अब नयाँ विज्ञापन कुर्नुपर्ने भएको छ ।"", ""श्रम, रोजगार तथा सामाजिक सुरक्षा मन्त्रालयले एक प्रेस विज्ञप्ति जारी गर्दै इजरायली निकाय ‘पीबा’ ले ‘लट्री आउट’ भएकाहरूलाई सिधै प्रक्रियामा सहभागी गराउन नसकिने जानकारी दिएको जनाएको छ ।"", ""पीबाबाट उनीहरूलाई विशेष प्रक्रियामार्फत लैजान नसकिने र आगामी विज्ञापनमा आवेदन दिनुपर्ने जानकारी गराएपछि मन्त्रालयले नयाँ विज्ञापन खुलेपछि आवेदन दिन भनेको हो ।""], ""evidenceSentenceIds"": [""S2"", ""S3"", ""S4""], ""impactDirection"":",https://www.onlinekhabar.com/2026/05/1935614/those-not-selected-in-the-lottery-must-wait-for-a-new-advertisement-to-go-to-israel
qwen-qlora,relevance,label_mismatch,6a2f0a578a1c034887d30821,सीजी मोटर्सको महामेला एक्स्चेन्ज कार्निभल भृकुटीमण्डपमा सुरु,बिजनेस – Page 12 – Online Khabar,2026-05-20T11:34:01.000Z,ne,not_relevant,not_applicable,not_applicable,not_relevant,direct,S2;S5,,,"यो समाचार सीजी मोटर्सको एउटा प्रवर्द्धनात्मक कार्यक्रम र नयाँ उत्पादन सार्वजनिक गर्ने बारेमा मात्र केन्द्रित छ, जसको नेप्से बजारमा कुनै ठोस प्रभाव पर्ने देखिँदैन।","{""confidenceBand"": ""high"", ""eventType"": ""product_launch"", ""evidence"": [""सीजी मोटर्सले महामेला एक्स्चेन्ज कार्निभल भृकुटीमण्डपमा आयोजना गरेको छ ।"", ""कार्यक्रममा रिडारा इकोन ४×४ र ‘अपग्रेडेड किङ लङ’ अनावरण गरिएको छ ।"", ""नयाँ किङ लङ १६ सिट तथा ७५.४१ किलोवाट ब्लेड ब्याट्रीयूक्त छ ।""], ""evidenceSentenceIds"": [""S2"", ""S5"", ""S6""], ""impactDirection"": ""bullish"", ""impactHorizon"": ""short_term"", ""impactMechanism"": ""earnings_cash_flow"", ""impactScope"": ""company"", ""language"": ""en"", ""rationale"": ""The launch of new models and the availability of financing options can increase sales and revenue for the company."", ""relevance"": ""direct"", ""sectors"": [""Manufacturing""], ""summary"": ""CG Motors has launched new models, including the upgraded King Lang, at the Mahamela Exchange Carnival in the Bhrikuti Mandap."", ""symbols"": [""CGM""], ""tags"": [""product launch"", ""carnival"", ""cg motors""]}",https://www.onlinekhabar.com/2026/05/1936035/cg-motors-mahamela-exchange-carnival-begins-at-bhrikuti-mandap
qwen-qlora,structured_json,invalid_json,6a2f0a578a1c034887d30822,रिसोर्टको शेयर लिएर पैसा नदिएको कसुरमा भोटेकोशी हेली रिसोर्टका सञ्चालक फेरि पक्राउ,बिजनेस – Page 12 – Online Khabar,2026-05-20T14:27:06.000Z,ne,not_relevant,not_applicable,not_applicable,valid_json,invalid_or_truncated_json,S2;S6;S10,,,"यो समाचार एक निजी रिसोर्टका सञ्चालकको आपराधिक कारबाही र नेपाल बैंक लिमिटेडको एक ऋण असुली प्रक्रियासँग सम्बन्धित छ, जसले नेप्से बजार वा सूचीकृत कम्पनीहरूको समग्र वित्तीय अवस्थामा प्रत्यक्ष वा अप्रत्यक्ष प्रभाव पार्ने कुनै ठोस आधार देखिँदैन।","{""confidenceBand"": ""high"", ""eventType"": ""regulation"", ""evidence"": [""२०८२ माघ २३ गते बैंकिङ कसुरमा पक्राउ परी कास्की जिल्ला अदालतबाट जिम्मा जमानीमा छुटेका भोटेकोशी हेली रिसोर्ट एन्ड स्पा लिमिटेडका सञ्चालक सुवास प्रधान फेरि पक्राउ परेका छन् ।"", ""काठमाडौं उपत्यका अपराध अनुसन्धान कार्यालय टेकुको सहयोगमा यही जेठ ३ गते पक्राउ गरी प्रधानलाई पोखरा ल्याएको हो ।"", ""प्रधानलाई मंगलबार थप ३ दिनको म्याद गरी कास्की हिरासतमा राखेर प्रहरीले अनुसन्धान गरिरहेको छ ।""], ""evidenceSentenceIds"": [""S2"", ""S3"", ""S4""], ""impactDirection"": ""uncertain"", ""impactHorizon"": ""short_term"", ""impactMechanism"": ""regulation"", ""impactScope"": ""company"", ""language"": ""en"", ""rationale"": ""The selected evidence reports a regulatory or legal action against a listed company or its management, which is classified as a regulation event under NEPSE's impact framework."", ""relevance"": ""direct"", ""sectors"": [""Hospitality""], ""summary"": ""Suvas Pradhan, the managing director of Bhote Koshi Helicopter Resort and Spa Limited",https://www.onlinekhabar.com/2026/05/1936202/bhotekoshi-heli-resort-owner-arrested-again-for-taking-resort-shares-and-not-paying
qwen-qlora,structured_json,invalid_json,6a2f0a578a1c034887d30823,बचतकर्ताको पैसा जोगाउन खोज्दा देशकै ठूलो बैंकको सीईओ पक्राउ पर्ने कस्तो व्यवस्था ?,बिजनेस – Page 12 – Online Khabar,2026-05-21T15:23:42.000Z,ne,indirect,regulation,uncertain,valid_json,invalid_or_truncated_json,S8;S12;S2,,Banking,लेखले बैंकिङ कानुनको कार्यान्वयन र अनुसन्धान निकायको गतिविधिले बैंकिङ क्षेत्रको सुशासन र स्थिरतामा पार्न सक्ने प्रभावको संकेत गर्दछ।,"{""confidenceBand"": ""high"", ""eventType"": ""regulation"", ""evidence"": [""प्रवर्द्धकहरूले अर्बौं रुपैयाँ आफ्ना निजी कम्पनीमा सारेको र बैंक टाट पल्टिन लागेको समाचार सञ्चारमाध्यममा सार्वजनिक भएपछि २०६३ सालको कात्तिक अन्तिमदेखि तत्कालीन एनबी बैंकमा रकम निकाल्न एकैपटक निक्षेपकर्ताको घुइँचो लाग्यो ।"", ""तर, पछिल्लो समयमा नेपाल प्रहरीको केन्द्रीय अनुसन्धान ब्यूरो (सीआईबी)ले दैनिक बैंकिङ गतिविधि, बैंकिङ कानुन र राष्ट्र बैंकको निर्देशन पालना गरेको विषयलाई नै अपराध गरेजस्तो गरेर ठूला बैंकका प्रमुख कार्यकारी अधिकृत तथा उच्च पदाधिकारीलाई पक्राउ गर्ने, थुनामा राख्ने लगायत काम गरिरह",https://www.onlinekhabar.com/2026/05/1936926/what-kind-of-system-is-this-where-the-ceo-of-the-countrys-largest-bank-is-arrested-while-trying-to-protect-savers-money
qwen-qlora,structured_json,invalid_json,6a2f0a578a1c034887d30824,कोरिया र इजरायल जान छनोटमा नपरेकाहरू किन बारम्बार आन्दोलनमा उत्रिन्छन् ?,बिजनेस – Page 12 – Online Khabar,2026-05-21T15:39:59.000Z,ne,not_relevant,not_applicable,not_applicable,valid_json,invalid_or_truncated_json,S2;S3;S6;S7,,,"यो समाचार वैदेशिक रोजगारीको प्रक्रिया र श्रमिकहरूको आन्दोलनसँग सम्बन्धित छ, जसको शेयर बजारमा कुनै प्रत्यक्ष वा अप्रत्यक्ष प्रभाव देखिँदैन।","{""confidenceBand"": ""high"", ""eventType"": ""regulation"", ""evidence"": [""दुई देशसँग गरिएको श्रम समझदारी अनुसार नै इजरायलले केयरगिभर परीक्षा र कोरियाले रोजगार अनुमति प्रणाली (ईपीएस) मार्फत कोरियन भाषा परीक्षा पास गरेर श्रमिक लैजाने गरेको छ ।"", ""सरकारी संयन्त्रमार्फत जाँदा दुवै देशमा जाने श्रमिकहरू भने बेला बेला आन्दोलनमा उत्रिन्छन् ।"", ""त्यसबाहेक कोरियन भाषा परीक्षा पास गरेर कोरिया जाने रोष्टरको सूचीमा रहेकाहरू समेत बेला बेला आन्दोलन गर्दै आएका छन् ।""], ""evidenceSentenceIds"": [""S3"", ""S6"", ""S13""], ""impactDirection"": ""uncertain"", ""impactHorizon"": ""medium_term"", ""impactMechanism"": ""regulation"", ""impactScope"": ""sector"", ""language"": ""en"", ""rationale"": ""The article discusses the impact of labor regulations and selection processes for Nepali workers going to South Korea and Israel, which affects their employment opportunities and leads to labor unrest."", ""relevance"": ""direct"", ""sectors"": [""Labor""], ""summary"": ""The article discusses the impact of labor regulations and selection processes for Nepali ",https://www.onlinekhabar.com/2026/05/1936464/why-do-those-who-are-not-selected-to-go-to-korea-and-israel-repeatedly-engage-in-protests
qwen-qlora,structured_json,invalid_json,6a2f0a578a1c034887d30826,सूचना प्रविधिमा लगानी र डिजिटल पूर्वाधार विस्तार उच्च प्राथमिकतामा : सञ्चारमन्त्री,बिजनेस – Page 11 – Online Khabar,2026-05-22T13:08:27.000Z,ne,indirect,sector_industry,uncertain,valid_json,invalid_or_truncated_json,S3;S4;S7;S8,,Others,सरकारले सूचना प्रविधि र डिजिटल पूर्वाधार विस्तारमा लगानी र बजेटको प्राथमिकता दिने योजना बनाएकाले यसले सूचना प्रविधि क्षेत्रको गतिविधि र सेवाको पहुँचमा प्रभाव पार्न सक्छ ।,"{""confidenceBand"": ""high"", ""eventType"": ""regulation"", ""evidence"": [""विक्रम तिमिल्सिनाले फोरजी सेवा विस्तार, डिजिटल पूर्वाधार निर्माण, डेटा सेन्टर सुदृढीकरण तथा साइबर सुरक्षामा लगानीका विषय सरकारको प्राथमिकतामा रहेको बताएका छन् ।"", ""सरकारले डिजिटल विभाजन अन्त्य गर्ने विषयलाई उच्च प्राथमिकतामा राखेको उल्लेख गर्दै उनले त्यसका लागि तत्कालीन, मध्यमकालीन र दीर्घकालीन योजना अघि बढिरहेको स्पष्ट पारे ।"", ""हालसम्म देशका ७५० स्थानीय तहमा फोरजी एलटीई सेवा पुगेको र ७५३ वटै स्थानीय तहमा टुजी सेवा विस्तार भइसकेको उनले बताए ।""], ""evidenceSentenceIds"": [""S3"", ""S5"", ""S9""], ""impactDirection"": ""uncertain"", ""impactHorizon"": ""short_term"", ""impactMechanism"": ""regulation"", ""impactScope"": ""sector"", ""language"": ""en"", ""ration",https://www.onlinekhabar.com/2026/05/1937578/investment-in-information-technology-and-expansion-of-digital-infrastructure-on-high-priority-minister-of-communications
qwen-qlora,structured_json,invalid_json,6a2f0a578a1c034887d30828,नेपाली आरोही तेन्जिङ डेभिडले गरे ५ दिनमा तीन हिमाल आरोहण,बिजनेस – Page 11 – Online Khabar,2026-05-24T11:15:35.000Z,ne,not_relevant,not_applicable,not_applicable,valid_json,invalid_or_truncated_json,S2,,,"यो समाचार एक पर्वतारोहीको व्यक्तिगत उपलब्धि र एउटा ट्रेकिङ कम्पनीको गतिविधि बारे हो, जसको नेपाल स्टक मार्केट (NEPSE) सँग कुनै प्रत्यक्ष वा अप्रत्यक्ष सम्बन्ध देखिँदैन ।","{""confidenceBand"": ""high"", ""eventType"": ""sports"", ""evidence"": [""नेपाली आरोही तेन्जिङ डेभिड शेर्पाले पाँच दिनमा सर्वोच्च शिखर सगरमाथा सहित तीन हिमालको सफल आरोहण गरेर कीर्तिमान कायम गरेका छन् ।"", ""कम्पनीका प्रबन्ध निर्देशक दावा स्टेभन शेर्पाका अनुसार तेन्जिङले पाँच दिनमा सगरमाथा (८८४८ मिटर), ल्होत्से (८५१६ मिटर) र नुप्त्से (७८१६ मिटर) को सफल आरोहण गरेका हुन् ।"", ""तेन्जिङले ३ जेठमा नुप्त्से, ६ जेठमा सगरमाथा र ७ जेठमा ल्होत्से हिमालको सफल आरोहण गरेका हुन् ।""], ""evidenceSentenceIds"": [""S2"", ""S4"", ""S5""], ""impactDirection"": ""bullish"", ""impactHorizon"": ""immediate"", ""impactMechanism"": ""uncertain"", ""impactScope"": ""sector"", ""language"": ""en"", ""rationale"": ""The successful completion of three Himalayan peaks in five days by a Nepali climber, Tenzing David, is a significant achievement in the sports and adventure sector."", ""relevance"": ""direct"", ""sectors"": [""Adventure and Sports""], ""summary"": """,https://www.onlinekhabar.com/2026/05/1938658/nepali-climber-tenzing-david-climbs-three-mountains-in-5-days
qwen-qlora,structured_json,invalid_json,6a2f0a578a1c034887d30829,"आलुको भाउ बढ्यो, किलोको कति ?",बिजनेस – Page 11 – Online Khabar,2026-05-25T06:53:16.000Z,ne,not_relevant,not_applicable,not_applicable,valid_json,invalid_or_truncated_json,S2;S3;S5;S7,,,"यो समाचार कृषिजन्य वस्तु (आलु) को मूल्य वृद्धि बारे मात्र हो, जसको शेयर बजार (NEPSE) मा कुनै प्रत्यक्ष वा अप्रत्यक्ष प्रभाव देखिँदैन।","{""confidenceBand"": ""high"", ""eventType"": ""market_trading"", ""evidence"": [""स्थानीय बजारमा आलुको भाउ बढेको छ ।"", ""कालीमाटी फलफूल तथा तरकारी बजार विकास समितिको तथ्यांकले सोमबार आलुको भाउ बढेको देखाएको हो ।"", ""हिजो आइतबार प्रतिकिलो थोकमा न्यूनतम २८ देखि अधिकतम ३४ र औसत ३० रुपैयाँमा किनबेच भएको थियो ।"", ""आज सोमबार भने उक्त आलु प्रतिकिलो थोकमा न्यूनतम ३० देखि अधिकतम ३५ र औसत ३२ रुपैयाँमा किनबेच भइरहेको छ ।""], ""evidenceSentenceIds"": [""S2"", ""S3"", ""S6"", ""S7""], ""impactDirection"": ""bullish"", ""impactHorizon"": ""immediate"", ""impactMechanism"": ""market_flow"", ""impactScope"": ""market"", ""language"": ""en"", ""rationale"": ""The selected evidence reports a price increase in a listed security or market index, which supports the market_trading label and the bullish direction through the mechanism of market flow."", ""relevance"": ""direct"", ""sectors"": [""Vegetables""], ""summary"": ""The selected evidence reports a price increase in a listed security or market index, which supports the market_trading label and the bullish d",https://www.onlinekhabar.com/2026/05/1939016/the-price-of-potatoes-has-increased-how-much-per-kilo-3
qwen-qlora,structured_json,invalid_json,6a2f0a578a1c034887d3082a,चार दशकदेखि शिक्षामा अग्रणी लिटिल एन्जल्स स्कुल : गुणस्तरीय प्रविधिमैत्री शिक्षा,बिजनेस – Page 11 – Online Khabar,2026-05-25T06:58:51.000Z,ne,not_relevant,not_applicable,not_applicable,valid_json,invalid_or_truncated_json,S2,,,"यो समाचार एउटा निजी विद्यालयको शैक्षिक गुणस्तर र प्रवर्द्धनसँग सम्बन्धित छ, जसको नेप्से बजारमा कुनै प्रत्यक्ष वा अप्रत्यक्ष प्रभाव छैन।","{""confidenceBand"": ""high"", ""eventType"": ""operations"", ""evidence"": [""ललितपुरको हरियालीयुक्त स्थान हात्तीवनमा अवस्थित लिटिल एन्जल्स स्कूल (एलए) ले चार दशकभन्दा बढी समयदेखि नेपाली शिक्षाक्षेत्रमा अग्रणी भूमिका निर्वाह गर्दै आएको छ।"", ""हरित वातावरण, प्रविधिसम्पन्न कक्षाकोठा र इलेक्ट्रिक गाडीको प्रयोगमार्फत एलएले आफूलाई वातावरणमैत्री शिक्षण संस्थाको रूपमा स्थापित गरेको छ।"", ""सन् १९८१ मा स्थापना भएको यो प्रतिष्ठित शिक्षालयले समयअनुसार शिक्षण पद्धति र प्रविधिमा नवप्रयोग गर्दै नेपाली शिक्षा प्रणालीमा नयाँ अध्याय थपेको छ।""], ""evidenceSentenceIds"": [""S2"", ""S3"", ""S4""], ""impactDirection"": ""bullish"", ""impactHorizon"": ""medium_term"", ""impactMechanism"": ""operations_capacity"", ""impactScope"": ""company"", ""language"": ""en"", ""rationale"": ""The school",https://www.onlinekhabar.com/2026/05/1939003/little-angels-school-a-leader-in-education-for-four-decades-quality-technology-friendly-education
qwen-qlora,relevance,label_mismatch,6a2f0a578a1c034887d3082b,"धनियाँको मूल्य बढ्यो, पुदिनाको घट्यो",बिजनेस – Page 11 – Online Khabar,2026-05-25T07:13:34.000Z,ne,not_relevant,not_applicable,not_applicable,not_relevant,direct,S2;S3;S4;S5,,,"यो समाचार कृषि वस्तु (धनियाँ र पुदिना) को मूल्यमा केन्द्रित छ, जसको नेप्से (NEPSE) वा शेयर बजारमा कुनै प्रत्यक्ष वा अप्रत्यक्ष प्रभाव पर्दैन।","{""confidenceBand"": ""high"", ""eventType"": ""market_trading"", ""evidence"": [""बजारमा हरियो धनियाँको मूल्य बढ्दा पुदिनाको घटेको छ ।"", ""कालीमाटी फलफूल तथा तरकारी बजार विकास समितिले सार्वजनिक गरेको तथ्यांकले सोमबार हरियो धनियाँ र पुदिनाको मूल्यमा घटबढ भएको देखाएको हो ।"", ""सोमबार धरियो धनियाँको मूल्य थोकमा प्रतिकिलो २४ रुपैयाँ बढेको छ ।""], ""evidenceSentenceIds"": [""S2"", ""S3"", ""S4""], ""impactDirection"": ""bullish"", ""impactHorizon"": ""immediate"", ""impactMechanism"": ""market_flow"", ""impactScope"": ""market"", ""language"": ""en"", ""rationale"": ""The selected evidence reports a change in the price of a listed security or market index, which makes the record direct to NEPSE and supports the market_trading label through the trading mechanism."", ""relevance"": ""direct"", ""sectors"": [""Vegetables and Fruits""], ""summary"": ""The market price of hario dhaniya (coriander) has increased, while the price of pudina (basil) has decreased."", ""symbols"": [""DHANIYA""], ""tags"": [""market_trading"", ""price"", ""vegetables"", ""nepse""]}",https://www.onlinekhabar.com/2026/05/1939037/coriander-prices-increase-mint-prices-decrease
qwen-qlora,relevance,label_mismatch,6a2f0a578a1c034887d3082c,वनप्लसले नयाँ ओलेड ट्याब्लेट चाँडै सार्वजनिक गर्ने,बिजनेस – Page 10 – Online Khabar,2026-05-25T10:53:00.000Z,ne,not_relevant,not_applicable,not_applicable,not_relevant,direct,S1,,,"यो समाचार वनप्लस नामक विदेशी प्रविधि कम्पनीको नयाँ उत्पादनको बारेमा हो, जसको नेपालको सेयर बजारमा कुनै प्रत्यक्ष वा अप्रत्यक्ष प्रभाव देखिँदैन।","{""confidenceBand"": ""high"", ""eventType"": ""product"", ""evidence"": [""वनप्लस कम्पनीले विश्व बजारका लागि एउटा नयाँ एन्ड्रोइड ट्याब्लेट ल्याउने तयारी गरिरहेको छ ।"", ""हालै बाहिरिएको एउटा सूचना अनुसार यो ट्याब्लेटमा ओलेड डिस्प्ले रहनेछ ।"", ""यसमा उच्च गुणस्तरको हार्डवेयर र शक्तिशाली चिपसेट प्रयोग गरिनेछ।""], ""evidenceSentenceIds"": [""S1"", ""S2"", ""S3""], ""impactDirection"": ""uncertain"", ""impactHorizon"": ""medium_term"", ""impactMechanism"": ""uncertain"", ""impactScope"": ""company"", ""language"": ""en"", ""rationale"": ""The document reports the development of a new product (tablet) by a listed company (OnePlus), which is a direct business activity."", ""relevance"": ""direct"", ""sectors"": [""Consumer Electronics""], ""summary"": ""OnePlus is preparing to launch a new Android tablet for the global market, which will feature an OLED display and high-end hardware."", ""symbols"": [""OPLUS""], ""tags"": [""product"", ""tablet"", ""oneplus""]}",https://www.onlinekhabar.com/2026/05/1939253/oneplus-to-launch-new-oled-tablet-soon
qwen-qlora,relevance,label_mismatch,6a2f0a578a1c034887d3082d,सहकारी बेथिति जाँचबुझ आयोगको प्रतिवेदन सार्वजनिक गर्ने सरकारको निर्णय,बिजनेस – Page 10 – Online Khabar,2026-05-25T11:04:29.000Z,ne,indirect,regulation,uncertain,indirect,direct,S2;S3;S4,,Others,सहकारीमा भएको बेथिति जाँचबुझ आयोगको प्रतिवेदन सार्वजनिक गर्ने सरकारको निर्णयले उक्त क्षेत्रको नियमन र समग्र वित्तीय वातावरणमा प्रभाव पार्न सक्छ ।,"{""confidenceBand"": ""high"", ""eventType"": ""regulation"", ""evidence"": [""सरकारले सहकारीमा भएको बेथिति जाँचबुझ आयोगको प्रतिवेदन सार्वजनिक गर्ने निर्णय गरेको छ ।"", ""सोमबार बसेको मन्त्रिपरिषद् बैठकले उक्त प्रतिवेदन सार्वजनिक गर्ने निर्णय गरेको सरकारका प्रवक्ता सस्मित पोखरेलले जानकारी दिए ।""], ""evidenceSentenceIds"": [""S2"", ""S3""], ""impactDirection"": ""uncertain"", ""impactHorizon"": ""short_term"", ""impactMechanism"": ""regulation"", ""impactScope"": ""sector"", ""language"": ""en"", ""rationale"": ""The government's decision to publicize the report of the cooperative inspection and investigation commission is a regulatory or policy change that may affect the cooperative sector."", ""relevance"": ""direct"", ""sectors"": [""Cooperative""], ""summary"": ""The government has decided to publicize the report of the cooperative inspection and investigation commission."", ""symbols"": [], ""tags"": [""regulation"", ""cooperative"", ""report""]}",https://www.onlinekhabar.com/2026/05/1939272/governments-decision-to-make-public-the-report-of-the-cooperatives-inquiry-commission
qwen-qlora,structured_json,invalid_json,6a2f0a578a1c034887d3082e,सरकारले तोक्यो बर्खे धानबालीको समर्थन मूल्य,बिजनेस – Page 10 – Online Khabar,2026-05-25T11:11:10.000Z,ne,not_relevant,not_applicable,not_applicable,valid_json,invalid_or_truncated_json,S2;S4,,,"यो समाचार कृषि क्षेत्रको मूल्य निर्धारणसँग सम्बन्धित छ, जसले नेप्से (NEPSE) को बजार वा सूचीकृत कम्पनीहरूमा प्रभाव पार्ने कुनै ठोस संयन्त्र उल्लेख गरिएको छैन।","{""confidenceBand"": ""high"", ""eventType"": ""regulation"", ""evidence"": [""सरकारले आगामी आर्थिक वर्ष ०८३/०८४ का लागि बर्खे धानबालीको समर्थन मूल्य तोकेको छ ।"", ""उनका अनुसार, मोटो धानको प्रतिक्विन्टल ३ हजार ६६० रुपैयाँ र मध्यम धानको प्रतिक्विन्टल ३ हजार ८६० रुपैयाँ समर्थन मूल्य तोक्ने निर्णय भएको हो ।"", ""‘आर्थिक वर्ष ०८३/०८४ मा वर्षे धानबालीको न्युनतम समर्थन मूल्य मोटो धानको रु ३६६० प्रतिक्विन्टल र मध्यम धानको रु ३८६० प्रतिक्विन्टल तोक्ने निर्णय भएको छ,’ पोखरेलले भने ।""], ""evidenceSentenceIds"": [""S2"", ""S4"", ""S5""], ""impactDirection"": ""uncertain"", ""impactHorizon"": ""short_term"", ""impactMechanism"": ""regulation"", ""impactScope"": ""sector"", ""language"": ""en"", ""rationale"": ""The selected evidence reports a regulatory or policy change that will affect the supply, demand, or price of a listed security or market sector."", ""relevance",https://www.onlinekhabar.com/2026/05/1939277/government-sets-support-price-for-rain-fed-paddy
qwen-qlora,structured_json,invalid_json,6a2f0a578a1c034887d3082f,कजारिया रमेश टायल्सको अभियान : मिस नेपालसँग ‘डाइन विथ द डिभाज’ सार्वजनिक,बिजनेस – Page 10 – Online Khabar,2026-05-25T12:39:22.000Z,ne,not_relevant,not_applicable,not_applicable,valid_json,invalid_or_truncated_json,S2,,,"यो समाचार कजारिया रमेश टायल्सको एक व्यापारिक प्रवर्द्धन (marketing campaign) सँग सम्बन्धित छ, जसको कुनै प्रत्यक्ष वा अप्रत्यक्ष नेप्से प्रभाव देखिँदैन।","{""confidenceBand"": ""high"", ""eventType"": ""capital_action"", ""evidence"": [""‘द हिडन ट्रेजर मिस नेपाल २०२६’ को मुख्य प्रायोजक कजारिया रमेश टायल्सले आफ्नो विशेष उपभोक्ता अभियान ‘डाइन विथ द डिभाज– एन इभिनिङ विथ मिस नेपाल’ आधिकारिक रूपमा सार्वजनिक गरेको छ ।"", ""यस अभियानमा सहभागी हुन ग्राहकले अभियान अवधिभर एकै पटक न्यूनतम १ हजार वर्गफिट कजारिया टायल्स खरिद गर्नुपर्नेछ ।"", ""मिस नेपालको क्षेत्रीय अडिसन टुरसँग जोड्दै ल्याइएको यो योजना अडिसन हुने सात सहर नेपालगन्ज, बिर्तामोड, इटहरी, पोखरा, बुटवल, जनकपुर र काठमाडौंमा खरिद गर्ने जोडीहरूका लागि मात्र लागु हुनेछ ।""], ""evidenceSentenceIds"": [""S2"", ""S4"", ""S5""], ""impactDirection"": ""uncertain"", ""impactHorizon",https://www.onlinekhabar.com/2026/05/1939370/kajaria-ramesh-tiles-campaign-dine-with-the-divas-announced-with-miss-nepal
qwen-qlora,structured_json,invalid_json,6a2f0a578a1c034887d30830,यसरी बन्दैछ एसियन हाइवेको काँकडभिट्टा-लौकही खण्ड (तस्वीरहरू),बिजनेस – Page 10 – Online Khabar,2026-05-26T06:43:20.000Z,ne,not_relevant,not_applicable,not_applicable,valid_json,invalid_or_truncated_json,S4,,,"यो समाचार राजमार्ग विस्तारको भौतिक प्रगति र निर्माण कम्पनीहरूले भोगिरहेको चुनौतीसँग सम्बन्धित छ, जसले कुनै विशिष्ट सूचीकृत कम्पनी वा सेयर बजारलाई प्रत्यक्ष वा अप्रत्यक्ष रूपमा असर गर्ने ठोस संयन्त्र देखाउँदैन ।","{""confidenceBand"": ""high"", ""eventType"": ""infrastructure"", ""evidence"": [""महेन्द्र राजमार्ग बिस्तार अन्तर्गत काँकडभिट्टा–लौकही खण्डमा अहिले धमाधम काम भइरहेको छ ।"", ""निर्माण कम्पनीका अनुसार इन्धनको मूल्य वृद्धि र निर्माण सामग्री अभावको मारमा यो खण्ड बिस्तारको काम पनि परेको छ ।"", ""यसमध्ये २२ किलोमिटर सडकमा पहिलो लेयरको कालोपत्र गर्न बेस बिच्छ्याउने काम भएको छ ।"", ""कतै कालोपत्रको काम समेत सुरु भएको छ ।""], ""evidenceSentenceIds"": [""S2"", ""S4"", ""S11"", ""S12""], ""impactDirection"": ""uncertain"", ""impactHorizon"": ""medium_term"", ""impactMechanism"": ""operations_capacity"", ""impactScope"": ""sector"", ""language"": ""en"", ""rationale"": ""The article reports on the ongoing construction and challenges faced by the Kankadhitthi-Laukhi section of the Mahendra Highway, which is part of the Asian Highway network. This indicates infrastructure development activity and potential project delays due to material shortages and fuel price increases."", ""relevance"": ""direct"", ""sectors"": [""Roads and Highways""], ""summary"": ""The K",https://www.onlinekhabar.com/2026/05/1939722/this-is-how-the-kakadbhitta-laukahi-section-of-the-asian-highway-is-being-constructed-photos
qwen-qlora,relevance,label_mismatch,6a2f0a578a1c034887d30831,"अन्डाको मूल्यवृद्धि रोकिएन, फेरि बढाइयो क्रेटमा १५ रुपैयाँ",बिजनेस – Page 10 – Online Khabar,2026-05-26T08:42:51.000Z,ne,not_relevant,not_applicable,not_applicable,not_relevant,direct,S2;S4;S11,,,"यो समाचार अन्डाको मूल्य वृद्धि सँग सम्बन्धित छ, जसको नेप्से (NEPSE) बजार वा कुनै सूचीबद्ध कम्पनीमा प्रत्यक्ष वा अप्रत्यक्ष प्रभाव पर्ने कुनै ठोस संयन्त्र देखिँदैन ।","{""confidenceBand"": ""high"", ""eventType"": ""market_trading"", ""evidence"": [""नेपाल लेयर्स कुखुरापालक संघले अन्डाको मूल्य फेरि बढाएको छ ।"", ""एक साता अवधिमा सबै प्रकारका अन्डाको मूल्य प्रतिक्रेट १५ रुपैयाँसम्म बढेको छ ।"", ""चितवनलाई आधार मानेर निर्धारण गरिएको नयाँ मूल्यसूची अनुसार एक्सएल अन्डाको फार्म मूल्य प्रतिक्रेट ५ सय ४५ रुपैयाँ पुगेको छ ।""], ""evidenceSentenceIds"": [""S2"", ""S4"", ""S5""], ""impactDirection"": ""bullish"", ""impactHorizon"": ""short_term"", ""impactMechanism"": ""market_flow"", ""impactScope"": ""market"", ""language"": ""en"", ""rationale"": ""The selected evidence reports a price increase for a listed security or market sector, which makes the record direct to NEPSE and supports the market_trading label through the trading mechanism."", ""relevance"": ""direct"", ""sectors"": [""Poultry""], ""summary"": ""Nepal Layers Poultry Farmers' Association has increased the price of eggs by 15 rupees per piece, with the new farm price for XL eggs set at Rs 545 per piece."", ""symbols"": [], ""tags"": [""market_trading"", ""dir",https://www.onlinekhabar.com/2026/05/1939901/egg-prices-continue-to-rise-increased-again-by-rs-15-per-crate
qwen-qlora,structured_json,invalid_json,6a2f0a578a1c034887d30832,म्यानपावर व्यवसायीले भने : सरकारले अनुगमनको नाममा छापामार शैली अपनायो,बिजनेस – Page 10 – Online Khabar,2026-05-27T06:59:43.000Z,ne,not_relevant,not_applicable,not_applicable,valid_json,invalid_or_truncated_json,S2;S4;S5,,,"यो समाचार वैदेशिक रोजगार व्यवसायी र सरकारबीचको नियमन सम्बन्धी विवादसँग सम्बन्धित छ, जसको नेप्सेमा सूचीकृत कुनै पनि कम्पनी वा क्षेत्रसँग प्रत्यक्ष वा अप्रत्यक्ष सम्बन्ध देखिँदैन।","{""confidenceBand"": ""high"", ""eventType"": ""regulation"", ""evidence"": [""वैदेशिक रोजगार व्यवसायी (म्यानपावर कम्पनी) ले सरकारले अनुगमनको नाममा छापामार शैली अपनाइरहेको बताएका छन्।"", ""नेपाल वैदेशिक रोजगार व्यवसायी एकता समितिले आयोजना गरेको पत्रकार सम्मेलनमा समिति अध्यक्ष हरिबहादुर पाण्डेले राज्यले छापामार शैलीमा अनुगमन गरिरहेको बताए ।"", ""‘हामीलाई अनुगमन गर्ने विभाग हो, मन्त्रालय होइन, राज्यले अनुगमन होइन छापामार शैली अपनाइरहेको छ’ अध्यक्ष पाण्डेले भने।""], ""evidenceSentenceIds"": [""S2"", ""S4"", ""S6""], ""impactDirection"": ""uncertain"", ""impactHorizon"": ""medium_term"", ""impactMechanism"": ""regulation"", ""impactScope"": ""sector"", ""language"": ""en"", ""rationale"": ""The report highlights concerns from the Manpower industry about the government's alleged use of a 'raiding' or 'raiding-style' approach to monitoring, which is perceived as an unnecessary burden on businesses."", ""relevance"": ""direct"", ""sectors"": [""Manpower""], ""summary"": ""Manpower industry representatives have",https://www.onlinekhabar.com/2026/05/1940533/manpower-entrepreneur-says-government-adopts-guerrilla-tactics-in-the-name-of-monitoring
qwen-qlora,structured_json,invalid_json,6a2f0a578a1c034887d30834,"देशभरि ६२ लाख ४९ हजार सवारीसाधन दर्ता, मोटरसाइकल मात्र ५० लाख",बिजनेस – Page 9 – Online Khabar,2026-05-27T09:16:06.000Z,ne,not_relevant,not_applicable,not_applicable,valid_json,invalid_or_truncated_json,S2;S3,,,सवारीसाधन दर्ता र लाइसेन्स वितरण सम्बन्धी यो तथ्याङ्कीय समाचारको NEPSE मा कुनै प्रत्यक्ष वा अप्रत्यक्ष प्रभाव देखिँदैन।,"{""confidenceBand"": ""high"", ""eventType"": ""market_trading"", ""evidence"": [""देशभरि ६२ लाख ४९ हजार सवारीसाधन दर्ता भएका छन् ।"", ""आर्थिक सर्वेक्षण २०८२/८३ अनुसार दर्ता सवारी साधनमध्ये ५० लाखभन्दा धेरै मोटरसाइकल रहेका छन् ।"", ""चालु आर्थिक वर्ष २०८२/८३ को फागुन मसान्तसम्म ८ महिनामा मात्र बस, मिनीबस, ट्रक, माइक्रोबस, कार, मोटरसाइकलसहितका सवारी साधन गरी कुल २ लाख ८१ हजार ९ सय २१ यातायातका साधन दर्ता भएका छन् ।""], ""evidenceSentenceIds"": [""S2"", ""S3"", ""S4""], ""impactDirection"": ""bullish"", ""impactHorizon"": ""short_term"", ""impactMechanism"": ""market_flow"", ""impactScope"": ""sector"", ""language"": ""en"", ""rationale"": ""The report of 624,900 registered motor vehicles and the significant proportion of motorcycles (over 500,000) indicates a strong demand for two-wheelers, which supports the sector's growth."", ""relevance"": ""direct"", ""sectors"": [""Motor Vehicle""], ""summary"": ""A total of 624,900 motor vehicles have been registered in the country, with over 500,000 being motorcycles."",",https://www.onlinekhabar.com/2026/05/1940704/6-249-million-vehicles-registered-across-the-country-5-million-motorcycles-alone
qwen-qlora,structured_json,invalid_json,6a2f0a578a1c034887d30836,"रोह्तो मेन्थोलेटमले बर्दिबासमा फ्याक्ट्री निर्माण गर्ने, भूमिपूजा सम्पन्न",बिजनेस – Page 9 – Online Khabar,2026-05-27T12:11:30.000Z,ne,not_relevant,not_applicable,not_applicable,valid_json,invalid_or_truncated_json,S2,,,"यो समाचार एक निजी कम्पनी (Rohto Mentholatum Nepal Pvt. Ltd.) को फ्याक्ट्री निर्माणसँग सम्बन्धित छ, जसको NEPSE वा सूचीकृत कम्पनीहरूमा कुनै प्रत्यक्ष असर देखिँदैन।","{""confidenceBand"": ""high"", ""eventType"": ""capital_action"", ""evidence"": [""रोह्तो मेन्थोलेटम नेपाल प्रालिले १४ मेका दिन महोत्तरी जिल्लाको बर्दिबासमा निर्माण हुन लागेको आफ्नो नयाँ फ्याक्ट्रीको भूमिपूजन समारोह गरेको छ ।"", ""यस फ्याक्ट्रीले नेपालमा उत्पादन क्षमतालाई सुदृढ गर्दै दिगो विकासप्रतिको दीर्घकालीन दृष्टिकोणलाई अझ मजबुत बनाउने विश्वास गरिएको छ ।"", ""‘फ्याक्ट्री सञ्चालनमा आएपछि नेपालका जनताको जीवन र समाजप्रतिको योगदानलाई अझ गहिरो बनाउने अपेक्षा गरिएको छ’ कम्पनीले एक विज्ञप्तिमा भनेको छ, ‘सञ्चालनमा आएपछि यो फ्याक्ट्रीले रोजगारीका अवसर सिर्जना गर्ने, स्थानीय समुदायलाई सशक्त बनाउने त",https://www.onlinekhabar.com/2026/05/1940872/rohto-mentholatum-to-build-factory-in-bardibas-ground-breaking-ceremony-completed
qwen-qlora,relevance,label_mismatch,6a2f0a578a1c034887d30837,"धेरै नाफा गर्ने संस्थान आयल निगम, नेवानिको घाटा सवा अर्ब",बिजनेस – Page 9 – Online Khabar,2026-05-27T15:45:08.000Z,ne,not_relevant,not_applicable,not_applicable,not_relevant,direct,S2;S3;S4;S5;S8,,,यो समाचार सार्वजनिक संस्थानहरूको वित्तीय अवस्था र सरकारको लगानीको बारेमा मात्र छ । यी संस्थानहरू नेप्सेमा सूचीकृत नभएको र यसले शेयर बजारमा पर्ने कुनै विशेष संयन्त्र उल्लेख नभएकोले यो सान्दर्भिक छैन ।,"{""confidenceBand"": ""high"", ""eventType"": ""earnings"", ""evidence"": [""सरकारले लगानी गरेका संस्थानमध्ये सबैभन्दा धेरै नाफा नेपाल आयल निगमले गरेको छ ।"", ""गत आर्थिक वर्ष निगमले १३ अर्ब ६४ करोड रुपैयाँ खुद नाफा गर्दै पहिलो संस्थान बनेको हो ।"", ""त्यसबेला पनि २ संस्थाले वित्तीय विवरण सरकारलाई बुझाएका थिएनन् ।""], ""evidenceSentenceIds"": [""S2"", ""S3"", ""S7""], ""impactDirection"": ""bullish"", ""impactHorizon"": ""short_term"", ""impactMechanism"": ""earnings_cash_flow"", ""impactScope"": ""company"", ""language"": ""en"", ""rationale"": ""The selected evidence reports earnings or profit for a listed company or sector, which makes the record direct to NEPSE and supports the earnings label through the earnings mechanism."", ""relevance"": ""direct"", ""sectors"": [""Hydropower""], ""summary"": ""The government's investment in the listed companies has seen the Nepal Oil Corporation (NOC) generate the highest profit of 13.64 billion rupees during the fiscal year 2081/82."", ""symbols"": [""NOCL""], ""tags"": [""earnings"", ""direct"", ""marketgyan_re",https://www.onlinekhabar.com/2026/05/1940971/oil-corporation-a-highly-profitable-corporation-has-a-loss-of-1-25-billion
qwen-qlora,relevance,label_mismatch,6a2f0a578a1c034887d30839,यातायात व्यवसायी र ट्राफिक प्रहरीको आह्वान : मापसे/लापसे गरी सवारी नचलाऔं,बिजनेस – Page 9 – Online Khabar,2026-05-28T08:41:30.000Z,ne,not_relevant,not_applicable,not_applicable,not_relevant,direct,S2;S3,,,यो समाचार यातायात क्षेत्रको परिचालन र सुरक्षासँग सम्बन्धित सामान्य सूचना भएकोले यसले नेप्से (NEPSE) बजार वा कुनै पनि सूचीबद्ध कम्पनीको मूल्यमा प्रत्यक्ष वा अप्रत्यक्ष प्रभाव पार्ने कुनै प्रमाण देखिँदैन।,"{""confidenceBand"": ""high"", ""eventType"": ""regulation"", ""evidence"": [""यातायात व्यवसायी र ट्राफिक प्रहरीले मादक पदार्थ सेवन (मापसे) र लागु पदार्थ सेवन (लापसे) गरी सवारी नचलाउन संयुक्त आह्वान गरेका छन् ।"", ""मनसुनजन्य विपद्बाट जोगिन यातायात सेवा सञ्चालन सम्बन्धमा संयुक्त सूचना निकाल्दै नेपाल यातायात व्यवसायी राष्ट्रिय महासंघ र काठमाडौं उपत्यका ट्राफिक प्रहरी कार्यालयले यस्तो आह्वान गरेका हुन् ।""], ""evidenceSentenceIds"": [""S2"", ""S3""], ""impactDirection"": ""uncertain"", ""impactHorizon"": ""short_term"", ""impactMechanism"": ""regulation"", ""impactScope"": ""sector"", ""language"": ""en"", ""rationale"": ""The selected evidence reports a regulatory or policy change that will affect the operations, costs, or market access of listed firms."", ""relevance"": ""direct"", ""sectors"": [""Transport""], ""summary"": ""Transport operators and traffic police have jointly called for not allowing vehicles carrying intoxicating substances (māpase) and narcotic substances (lāpase) to operate."", ""symbols"": [], ""tags"": [""regulation"", ""tran",https://www.onlinekhabar.com/2026/05/1941393/transport-entrepreneurs-and-traffic-police-appeal-dont-drive-drunk-negligently
qwen-qlora,structured_json,invalid_json,6a2f0a578a1c034887d3083a,कर्जा दिनै डराउन थाले बैंकर,बिजनेस – Page 8 – Online Khabar,2026-05-28T16:01:15.000Z,ne,indirect,monetary_liquidity,bearish,valid_json,invalid_or_truncated_json,S2;S3;S4;S6;S13;S14,,Banking,बैंकरहरूले कर्जा प्रवाहमा कडाइ गर्दा र राष्ट्र बैंकले सेयर बजारसँग सम्बन्धित क्षेत्रमा कर्जा नीति कडाइ गर्दा बजारमा तरलता संकुचन भई सेयर बजारमा नकारात्मक असर पर्न सक्छ।,"{""confidenceBand"": ""high"", ""eventType"": ""credit_debt"", ""evidence"": [""केही समययता बैंकरहरू नै कर्जा प्रवाह गर्न हच्किन थालेका छन् ।"", ""बढ्दो खराब कर्जा, ऋण दुरुपयोगका घटना तथा प्रहरीबाट बैंकरहरू नै धरपकडमा पर्न थालेपछि उनीहरू कर्जा प्रवाह गर्न हच्किन थालेका हुन् ।"", ""सोही कारण कर्जा लिन बैंक तथा वित्तीय संस्था पुग्ने ऋणीको स्क्रिनिङ गरी प्रक्रियागत जटिलता देखाइ कर्मचारीले नै निरुत्साहित गर्दा कर्जा विस्तार माग अनुसार हुन नसकेको बैंकरहरू बताउँछन् ।""], ""evidenceSentenceIds"": [""S2"", ""S3"", ""S4""], ""impactDirection"": ""bearish"", ""impactHorizon"": ""short_term"", ""impactMechanism"": ""credit_debt_supply"", ""impactScope"": ""sector"", ""language"": ""en"", ""rationale"": ""The text discusses the reluctance of bankers to provide loans due to increased bad debt, loan misuse, and operational challenges, which affects the credit supply in the banking sector."", ""relevance"": ""direct"", ""sectors"": [""Banking""], ""summary"": ""Bankers are hesitant to provide loans due to increased bad debt,",https://www.onlinekhabar.com/2026/05/1940900/bankers-are-afraid-to-give-loans
qwen-qlora,relevance,label_mismatch,6a2f0a578a1c034887d3083c,विदेशी विनिमय सञ्चितिलाई ‘सोभरिन वेल्थ फन्ड’ परिचालन,बिजनेस – Page 8 – Online Khabar,2026-05-29T10:58:50.000Z,ne,indirect,fiscal_macroeconomic,uncertain,indirect,direct,S2;S3;S4,,,सरकारले विदेशी विनिमय सञ्चितिबाट सोभरिन वेल्थ फन्ड परिचालन गर्ने नीति लिएमा यसले देशको वित्तीय तरलता र लगानीको वातावरणमा प्रभाव पार्न सक्छ ।,"{""confidenceBand"": ""high"", ""eventType"": ""regulation"", ""evidence"": [""सरकारकाले विदेशी विनिमय सञ्चितिको केही अंश ‘सोभरिन वेल्थ फन्ड’ मार्फत परिचालन गर्ने नीति लिने भएको छ ।"", ""सञ्चिति सहज भएको अवस्थामा उक्त फन्डमार्फत स्रोत परिचालन गरिने अर्थमन्त्री डा."", ""हाल कुल विदेशी विनिमय सञ्चिति ३४ खर्ब ९४ अर्ब रुपैयाँ बराबर छ ।""], ""evidenceSentenceIds"": [""S2"", ""S3"", ""S5""], ""impactDirection"": ""uncertain"", ""impactHorizon"": ""medium_term"", ""impactMechanism"": ""regulation"", ""impactScope"": ""market"", ""language"": ""en"", ""rationale"": ""The government's decision to manage a portion of its foreign exchange reserves through the 'Sovereign Wealth Fund' introduces a new mechanism for reserve management, which may affect the availability of foreign exchange for other sectors and the overall market liquidity."", ""relevance"": ""direct"", ""sectors"": [""Banking""], ""summary"": ""The government has decided to manage a portion of its foreign exchange reserves through the 'Sovereign Wealth Fund' to address the current surplus i",https://www.onlinekhabar.com/2026/05/1942322/mobilizing-foreign-exchange-reserves-through-the-sovereign-wealth-fund
qwen-qlora,structured_json,invalid_json,6a2f0a578a1c034887d3083f,"सेयर बजारलाई उत्कृष्ट बजेट, यस्ता छन् समेटिएका विषय",बिजनेस – Page 7 – Online Khabar,2026-05-29T14:42:30.000Z,ne,direct,fiscal_macroeconomic,bullish,valid_json,invalid_or_truncated_json,S3;S4;S6;S9;S2,,Others,पूँजीगत लाभकर अन्तिम हुने नीतिगत व्यवस्थाले बजारमा अनिश्चितता र विवाद कम गर्ने देखिएकाले सरोकारवालाहरूले यसलाई सकारात्मक मान्नुका साथै करको दरमा भएको वृद्धिले लगानीकर्ताको खुद प्रतिफलमा असर पार्ने देखिन्छ।,"{""confidenceBand"": ""high"", ""eventType"": ""regulation"", ""evidence"": [""आगामी वर्षको बजेट घोषणा गर्दै अर्थमन्त्री वाग्लेले भने ‘सूचीकृत कम्पनीका धितोपत्र बिक्री गर्दा लाग्दै आएको पूँजीगत लाभकर अन्तिम हुने व्यवस्था मिलाएको छु ।’ यद्यपि हाल तिर्दै आएको पूँजीगत लाभकर भने बजेटले साढे २ प्रतिशत विन्दुले बढाएको छ ।"", ""हाल १ वर्षभन्दा बढी अवधि होल्ड गरेर बिक्री भएको सेयरमा ५ प्रतिशत र १ वर्षभन्दा कम अवधि होल्ड गरेर बिक्री भएको सेयरमा ७.५ प्रतिशत पूँजीगत लाभकर लगानीकर्ताले तिर्दै आएका छन् ।"", ""अब १ वर्षभन्दा बढी अवधि होल्ड गर्नेले साढे ७ प्रतिशत र १ वर्षभन्दा कम अवधि होल्ड गर्नेले",https://www.onlinekhabar.com/2026/05/1942670/excellent-budget-for-the-stock-market-these-are-the-topics-covered
qwen-qlora,structured_json,invalid_json,6a2f0a578a1c034887d30840,"NEPSE Concludes The Week With 0.86% Gain and Turnover of Rs 16.87 Arba; Weekly Summary with Sector Comparison, Major Highlights, and More",ShareSansar,2026-05-31T03:08:00.000Z,en,direct,market_trading,bullish,valid_json,invalid_or_truncated_json,S2;S6;S10;S11,,,The weekly index increase of 0.86% and technical indicators like the RSI and EMAs suggest a bullish sentiment in the market.,"{""confidenceBand"": ""high"", ""eventType"": ""market_trading"", ""evidence"": [""The market traded for Three days this week, as Thursday and Friday was a public holiday."", ""The NEPSE Index closed at 2,782.10, up 23.61 points (0.86%)."", ""The highest intraday gain was 27.86 points on Sunday, with a turnover of Rs 6.03 Arba; however, the total turnover for the week stood at Rs 16.87 Arba."", ""The highest intraday gain was 27.95 points on Monday, with a turnover of Rs 5.98 Arba; however, the total turnover for the week stood at Rs 16.87 Arba."", ""The Index above the short moving average indicates earlier bullish sentiment."", ""The 2,650 level may serve as the nearest support, while the 2,870 zone will act as a major resistance zone."", ""Over 4.16 Crore unit shares have been traded through 1,89,169 transactions this week."", ""The current market capitalization of NEPSE is Rs."", ""4,746,825.95 million, i.e., Rs 47.46 Kharba."", ""The top three companies with the highest beta are Shikhar Power Development Limi",https://www.sharesansar.com/newsdetail/nepse-concludes-the-week-with-086-gain-and-turnover-of-rs-1687-arba-weekly-summary-with-sector-comparison-major-highlights-and-more-2026-05-31
qwen-qlora,structured_json,invalid_json,6a2f0a578a1c034887d30841,श्रम स्वीकृति जारी भइसकेपछि मात्रै विमानस्थल आउन अध्यागमनको अनुरोध,बिजनेस – Page 7 – Online Khabar,2026-05-31T04:48:09.000Z,ne,not_relevant,not_applicable,not_applicable,valid_json,invalid_or_truncated_json,S2;S3;S4;S7,,,"यो समाचार वैदेशिक रोजगारीमा जाने श्रमिकहरूको प्रशासनिक प्रक्रिया र अध्यागमनको नियमसँग सम्बन्धित छ, जसको नेप्से बजार वा सूचीकृत कम्पनीहरूमा कुनै ठोस प्रभाव देखिँदैन।","{""confidenceBand"": ""high"", ""eventType"": ""regulation"", ""evidence"": [""अध्यागमन विभागले श्रम स्वीकृति भएपछि मात्रै वैदेशिक रोजगारीको यात्रा गर्न अनुरोध गरेको छ ।"", ""विभागले प्रेस विज्ञप्ती जारी गर्दै श्रमिक भिसामा रहेका कतिपय नेपालीले श्रम स्वीकृतिको लागि वैदेशिक रोजगार विभागमा आवेदन मात्र गरी स्वीकृति नहुँदै त्रिभुवन अन्तर्राष्ट्रिय विमानस्थल अध्यागमनमा प्रस्थानका लागि आउने गरेको भन्दै श्रम स्वीकृति भइसकेपछि मात्रै आउन अनुरोध गरेको हो ।"", ""आवेदन मात्रै दिएर स्वीकृति नहुँदै विमानस्थल आउँदा श्रमिकहरूलाई मर्का पर्ने गरेको भन्दै अध्यागमनले श्रम स्वीकृति जारी भइसकेपछि मात्रै आउन",https://www.onlinekhabar.com/2026/05/1943326/adhyayans-request-to-come-to-the-airport-only-after-the-work-permit-is-issued
qwen-qlora,impactDirection,label_mismatch,6a2f0a578a1c034887d30842,"IPO for General Public: Sanigad Hydro Limited Issue 46,74,000 Units IPO Shares from Today",ShareSansar,2026-06-01T02:40:00.000Z,en,direct,capital_action,bullish,bullish,uncertain,S1;S12;S15,SHL,Hydropower,Sanigad Hydro Limited is raising capital through its IPO and has also received a rating upgrade from ICRA Nepal.,"{""confidenceBand"": ""high"", ""eventType"": ""capital_action"", ""evidence"": [""Sanigad Hydro Limited has officially opened its Initial Public Offering (IPO) to the general public from 18th Jestha, 2083, issuing 46,74,000 shares at a face value of Rs."", ""100 per unit."", ""The remaining 46,74,000 units will be issued for the general public and opened from today."", ""LS Capital Limited has been appointed the issue manager for the public offering."", ""Applications could be placed for a minimum of 10 units and a maximum of 20,000 units.""], ""evidenceSentenceIds"": [""S1"", ""S2"", ""S12"", ""S13"", ""S14""], ""impactDirection"": ""uncertain"", ""impactHorizon"": ""short_term"", ""impactMechanism"": ""ownership_supply"", ""impactScope"": ""company"", ""language"": ""en"", ""rationale"": ""The selected evidence reports a capital action (e.g., share issue, buyback, or dividend) or a change in the capital structure (e.g., capital increase, conversion, or recapitalization) of a listed company."", ""relevance"": ""direct"", ""sectors"": [""Hydropow",https://www.sharesansar.com/newsdetail/ipo-for-general-public-sanigad-hydro-limited-issue-4674000-units-ipo-shares-from-today-2026-06-01
qwen-qlora,relevance,label_mismatch,6a2f0a578a1c034887d30843,एक महिनामै ३२ प्रतिशत महँगियो आलु,बिजनेस – Page 7 – Online Khabar,2026-06-01T07:09:21.000Z,ne,not_relevant,not_applicable,not_applicable,not_relevant,direct,S2;S6;S9,,,"यो समाचारले तरकारीको बजार मूल्यमा भएको परिवर्तनबारे जानकारी दिएको छ, जसको शेयर बजार (NEPSE) सँग कुनै प्रत्यक्ष वा अप्रत्यक्ष सम्बन्ध देखिएको छैन।","{""confidenceBand"": ""high"", ""eventType"": ""market_trading"", ""evidence"": [""पछिल्लो एक महिना अवधिमा नेपाली बजारमा आलु र प्याजको मूल्य बढेको छ ।"", ""कालीमाटी फलफूल तथा तरकारी बजार विकास समितिको मूल्यसूची अनुसार १८ वैशाखको तुलनामा १८ जेठसम्म आइपुग्दा यी दुई वस्तुको मूल्य बढेको देखिएको हो ।"", ""तथ्यांक अनुसार सबैभन्दा धेरै वृद्धि रातो आलुको मूल्यमा देखिएको छ ।""], ""evidenceSentenceIds"": [""S2"", ""S3"", ""S4""], ""impactDirection"": ""bullish"", ""impactHorizon"": ""short_term"", ""impactMechanism"": ""market_flow"", ""impactScope"": ""market"", ""language"": ""en"", ""rationale"": ""The selected evidence reports a significant increase in the price of potatoes and onions over the past month, which is a key agricultural commodity affecting the broader market."", ""relevance"": ""direct"", ""sectors"": [""Agriculture""], ""summary"": ""The selected evidence reports a significant increase in the price of potatoes and onions over the past month, which is a key agricultural commodity affecting the broader market."", ""symbols"": [], ""tags"": [""",https://www.onlinekhabar.com/2026/06/1944194/potato-prices-rise-32-percent-in-one-month
qwen-qlora,structured_json,invalid_json,6a2f0a578a1c034887d30844,"बजेटप्रति सेयर लगानीकर्ता निराश, तीन समूहगत सूचकमा उच्च प्रभाव",बिजनेस – Page 6 – Online Khabar,2026-06-01T09:35:31.000Z,ne,direct,fiscal_macroeconomic,bearish,valid_json,invalid_or_truncated_json,S2;S4;S5;S7;S15,NRIC,Non-Life Insurance;Others;Trading,"बजेटमा पूँजीगत लाभकर अल्पकालीनका लागि १० प्रतिशत र दीर्घकालीनका लागि साढे ७ प्रतिशत कायम गरिएको र केही आम्दानीमा थप करको आशय भएकाले लगानीकर्ताहरू असन्तुष्ट भएका छन्, जसले बजारमा गिरावट निम्त्याएको छ ।","{""confidenceBand"": ""high"", ""eventType"": ""market_trading"", ""evidence"": [""सरकारले आगामी आर्थिक वर्ष २०८३/८४ को बजेट ल्याएपछि खुलेको पहिलो दिनको सेयर बजारले नकारात्मक प्रतिक्रिया जनाएको छ ।"", ""बजेटमा गरिएका नयाँ व्यवस्थाप्रति लगानीकर्ताले असन्तुष्ट जनाएका छन्, जसको प्रतिक्रिया सोमबारको नेप्से परिसूचकमा देखियो ।"", ""जसको असरले सोमबार बजार परिसूचक नेप्से २६.७२ अंक (०.९६ प्रतिशत) घटेको छ ।""], ""evidenceSentenceIds"": [""S2"", ""S4"", ""S7""], ""impactDirection"": ""bearish"", ""impactHorizon"": ""immediate"", ""impactMechanism"": ""market_flow"", ""impactScope"": ""market"", ""language"": ""en"", ""rationale"": ""The selected evidence reports market or sector trading activity, and the provided confidence band is high. The record is classified as market_trading because the evidence reports market or sector trading activity."", ""relevance"": ""direct"", ""sectors"": [""Life Insurance"", ""Non-Life Insurance"", ""Trading""], ""summary"": ""The selected evidence reports market or sector trading activity, and the provided confidence band is h",https://www.onlinekhabar.com/2026/06/1944391/stock-investors-disappointed-with-budget-high-impact-on-three-group-indicators
qwen-qlora,structured_json,invalid_json,6a2f0a578a1c034887d30845,पीपीपी मोडेलमा वेस्ट सेती ४०० केभी प्रसारण आयोजना अघि बढ्ने,बिजनेस – Page 6 – Online Khabar,2026-06-01T13:05:22.000Z,ne,indirect,sector_industry,bullish,valid_json,invalid_or_truncated_json,S2;S3;S4,,Hydropower,वेस्ट सेती ४०० केभी प्रसारण लाइन जस्ता ठूला पूर्वाधार आयोजनाले जलविद्युत् उत्पादन र प्रसारण प्रणालीबीचको अवरोध कम गरी ऊर्जा क्षेत्रको उत्पादन क्षमता र बिक्री क्षमतामा सकारात्मक प्रभाव पार्न सक्छ ।,"{""confidenceBand"": ""high"", ""eventType"": ""regulation"", ""evidence"": [""पश्चिम नेपालमा निर्माण हुने ठूला जलविद्युत् आयोजनाबाट उत्पादित विद्युत् राष्ट्रिय प्रसारण प्रणालीमा जोड्न सार्वजनिक–निजी साझेदारी (पीपीपी) मोडेलमा वेस्ट सेती ४०० केभी प्रसारण लाइन आयोजना अघि बढाइएको छ ।"", ""करिब २० अर्ब रुपैयाँ लागत अनुमान गरिएको आयोजना ३० प्रतिशत इक्विटी र ७ र निजी क्षेत्रले पुर्‍याउँदै आएको योगदान अब प्रसारण पूर्वाधार विकासमा समेत विस्तार भएको बताए ।"", ""सोमबार ऊर्जा, जलस्रोत तथा सिँचाइमन्त्री विराजभक्त श्रेष्ठले कम्पनीका संस्थापक साझेदारहरूलाई सम्बोधन गर्दै ऊर्जा उत्पादनमा निजी क्षेत्रले पुर्",https://www.onlinekhabar.com/2026/06/1944562/west-seti-400-kv-transmission-project-to-move-forward-under-ppp-model
qwen-qlora,structured_json,invalid_json,6a2f0a578a1c034887d30846,हिमालयन बैंक र यूनियन पेको सहकार्यमा ‘आरएमबी कार्ड’ सेवा सुरु,बिजनेस – Page 6 – Online Khabar,2026-06-01T13:15:21.000Z,ne,direct,project_operations,bullish,valid_json,invalid_or_truncated_json,S2;S6;S8,HBL,Banking,नयाँ आरएमबी कार्ड सेवाको माध्यमबाट बैंकले चिनियाँ भ्रमण गर्ने ग्राहकहरूबाट हुने कारोबार र सेवा शुल्क मार्फत राजस्व बढाउन सक्ने सम्भावना रहन्छ ।,"{""confidenceBand"": ""high"", ""eventType"": ""capital_action"", ""evidence"": [""हिमालयन बैंकले युनियनपेसँगको सहकार्यमा आरएमबी कार्ड सञ्चालनमा ल्याएको छ ।"", ""नेपालीको चीन भ्रमणलाई सहज तथा सुलभ बनाउनका लागि उक्त कार्ड सेवा महत्त्वपूर्ण हुनेछ ।"", ""सो कार्डको प्रयोगबाट ग्राहक तथा सेवाग्राहीले उत्तरी छिमेकी मुलुक चीन भ्रमण गर्दा त्यहाँका एटीएम, पोस, क्यूआर कोड तथा इकमर्स प्लेटफर्म मार्फत हुने कारोबारको चिनियाँ मुद्रा (सीएनवाई)मा नै सहज भुक्तानी गर्न सक्ने छन् ।""], ""evidenceSentenceIds"": [""S2"", ""S4"", ""S6""], ""impactDirection"": ""bullish"", ""impactHorizon"": ""short_term"", ""impactMechanism"": ""operations_capacity"", ""impactScope"": ""company"", ""language"": ""en"", ""rationale"": ""The introduction of the RMBCard by Himalayan Bank in collaboration with UnionPay is expected to enhance the bank's service offerings and support cross-border transactions for its customers, particularly for travel and trade between Nepal and China."", ""relevance"": ""direct"", ""sectors"": [""Banking""], ""summary"": ""Himalayan Bank has launched th",https://www.onlinekhabar.com/2026/06/1944577/rmb-card-service-launched-in-collaboration-with-himalayan-bank-and-union-pay
qwen-qlora,impactDirection,label_mismatch,6a31634a8dd189ed627e3606,Fire Incident Disrupts 5 MW Power Production at Jhapa Energy Limited,ShareSansar,2026-06-02T04:23:00.000Z,en,direct,sector_industry,bearish,bearish,uncertain,S1;S2;S3,JHAPA,Hydropower,The selected evidence reports a sector or company operating condition relevant to listed firms. This makes the record direct to NEPSE and supports the sector_industry label through the operations or capacity mechanism.,"{""confidenceBand"": ""high"", ""eventType"": ""operations"", ""evidence"": [""Jhapa Energy Limited has informed that a fire broke out in one of the inverters installed at its 10 MW grid-connected solar power project located in Shivasatakshi-4, Jhapa."", ""The fire affected one of the two 5 MVA-capacity inverters connected to the project, resulting in the disruption of 5 MW electricity generation.""], ""evidenceSentenceIds"": [""S1"", ""S3""], ""impactDirection"": ""uncertain"", ""impactHorizon"": ""short_term"", ""impactMechanism"": ""operations_capacity"", ""impactScope"": ""company"", ""language"": ""en"", ""rationale"": ""The fire incident at Jhapa Energy Limited's solar power project has disrupted 5 MW of electricity generation, affecting the company's operational capacity."", ""relevance"": ""direct"", ""sectors"": [""Hydropower and Renewable Energy""], ""summary"": ""Jhapa Energy Limited reported a fire incident at its 10 MW grid-connected solar power project in Jhapa, which disrupted 5 MW of electricity generation."", ""symbols"": [""J",https://www.sharesansar.com/newsdetail/fire-incident-disrupts-5-mw-power-production-at-jhapa-energy-limited-2026-06-02
qwen-qlora,structured_json,invalid_json,6a2f0a578a1c034887d30849,"Upper Syange Hydropower Announces Conclusion of Lock-in Period for Promoters, Project-Affected Area Locals and Employee Shares on Ashadh 21",ShareSansar,2026-06-02T04:42:00.000Z,en,direct,capital_action,uncertain,valid_json,invalid_or_truncated_json,S1;S2;S5,USHL,Hydropower,"The expiration of the lock-in period for promoters, residents of the project-affected area, and employees will increase the supply of tradable shares for USHL in the secondary market.","{""confidenceBand"": ""high"", ""eventType"": ""capital_action"", ""evidence"": [""Upper Syange Hydropower Limited (USHL) published a notice regarding the expiration of the lock-in period of its promoters, project-affected area and employees' shares, and the lock-in period will expire on 21st Ashadh, 2083."", ""According to the recent guidelines issued by the Securities Board of Nepal (SEBON), Upper Syange Hydropower Limited (USHL) has officially notified its investors and stakeholders of the conclusion of the lock-in period for the shares held by its promoters, residents of the project-affected area and employee shares."", ""In the next month of the 21st Ashadh, 2083, the lock-in period will end."", ""USHL now has 2,200,000 units of shares listed on the Nepal Stock Exchange (NEPSE)."", ""Of these, the promoters held 1,330,000 units, residents of the project-affected area are 2,20,000 units and the company's employees 13,000 units."", ""These shares have been subject to a lock-in period since the IPO allot",https://www.sharesansar.com/newsdetail/upper-syange-hydropower-announces-conclusion-of-lock-in-period-for-promoters-project-affected-area-locals-and-employee-shares-on-ashadh-21-2026-06-02
qwen-qlora,structured_json,invalid_json,6a31634a8dd189ed627e3634,ब्याजदर करिडोर प्रभावकारी बनाउन स्थायी निक्षेप सुविधा अनिवार्य,बिजनेस – Page 6 – Online Khabar,2026-06-02T09:14:47.000Z,ne,indirect,monetary_liquidity,uncertain,valid_json,invalid_or_truncated_json,S1;S2;S3,,Banking,"छानिएका प्रमाण वाक्यहरूले तरलता, ब्याजदर वा मौद्रिक नीतिसम्बन्धी अवस्था देखाउँछन्। यसले NEPSE सँग indirect सम्बन्ध राख्छ र सम्भावित प्रभावको संयन्त्र वित्तीय तरलता हो।","{""confidenceBand"": ""high"", ""eventType"": ""regulation"", ""evidence"": [""अन्तर बैंक ब्याजदर नियन्त्रणको प्रमुख औजार स्थायी निक्षेप सुविधा बनेको देखिएको छ ।"", ""नेपाल राष्ट्र बैंकको एक अध्ययन अनुसार अन्तर बैंकदर घट्नु र बढ्नुमा स्थायी निक्षेप सुविधाको प्रयोगले निर्धारण गरेको पाइएको हो ।"", ""नेपाल राष्ट्र बैंकका सहायक निर्देशक भिक्टर कुमार सापकोटाको अध्ययन प्रतिवेदन अनुसार अन्तर बैंक ब्याजदर नियन्त्रणमा स्थायी निक्षेप सुविधा निकै प्रभावकारी देखिएको छ ।""], ""evidenceSentenceIds"": [""S2"", ""S3"", ""S4""], ""impactDirection"": ""uncertain"", ""impactHorizon"": ""medium_term"", ""impactMechanism"": ""regulation"", ""impactScope"": ""market"", ""language"": ""en"", ""rationale"": ""The selected evidence reports a regulatory or policy change that will affect the market or market participants through a mechanism such as regulation, supervision, or taxation."", ""relevance"": ""direct"", ""sectors"": [""Banking""], ""summary"": ""The selected evidence reports a regulatory or policy change that will affect the market or market participants thr",https://www.onlinekhabar.com/2026/06/1945105/fixed-deposit-facility-mandatory-to-make-interest-rate-corridor-effective
qwen-qlora,structured_json,invalid_json,6a2f0a578a1c034887d3084a,"बजेट २०८३/८४ : कति सुहाउँदो, कति चुनौतीपूर्ण ?",बिजनेस – Page 6 – Online Khabar,2026-06-03T03:41:47.000Z,ne,indirect,fiscal_macroeconomic,uncertain,valid_json,invalid_or_truncated_json,S2;S3;S4;S5;S8;S10;S1,,Manufacturing and Processing;Others,"बजेटले औद्योगिक क्षेत्रका लागि भन्सार कटौती र आयकरमा परिमार्जन जस्ता सकारात्मक नीतिहरू ल्याए तापनि, उच्च सार्वजनिक ऋणको भार र कर वृद्धिका कारण आर्थिक वृद्धि र मुद्रास्फीति नियन्त्रण गर्ने लक्ष्य हासिल गर्न चुनौतीपूर्ण देखिएको छ, जसले बजारको समग्र धारणामा मिश्रित प्रभाव पार्न सक्छ।","{""confidenceBand"": ""high"", ""eventType"": ""regulation"", ""evidence"": [""तर, बजेट सार्वजनिक भएको दुई दिन नबित्दै कर संरचनामा गरिएका फेरबदल, स्रोत व्यवस्थापन सम्बन्धी प्रश्न र बजारको मिश्रित प्रतिक्रियाले यसलाई गम्भीर आर्थिक बहसको केन्द्रमा ल्याइदिएको छ ।"", ""झन्डै ३० खर्ब रुपैयाँ पुगेको सार्वजनिक ऋण, विकास बजेटकै हाराहारी पुगेको साँवा–ब्याजको भार र बजेट घाटा पूर्तिका लागि पुन: ऋणमै निर्भर रहने रणनीतिले अर्थतन्त्रका संरचनागत कमजोरी उजागर गरेको छ ।"", ""त्यसमाथि शिक्षा, स्वास्थ्य र विद्युत्जस्ता आधारभूत सेवामा थपिएको करले सर्वसाधारणको दैनिकीमा नयाँ बोझ थप्ने संकेत दिएको छ ।""], ""evidenceSentenceIds"": [""S2"", ""S3"",",https://www.onlinekhabar.com/2026/06/1945492/budget-2083-84-how-appropriate-how-challenging
qwen-qlora,structured_json,invalid_json,6a2f0a578a1c034887d3084c,पोखरामा लेखा शिक्षक कार्यशाला गर्न ब्रिटिस कलेज र एसीसीएबीच सहकार्य,बिजनेस – Page 6 – Online Khabar,2026-06-03T08:37:51.000Z,ne,not_relevant,not_applicable,not_applicable,valid_json,invalid_or_truncated_json,S3;S4,,,यो समाचार एक शैक्षिक कार्यशालाको बारेमा हो जसले शिक्षकहरूको प्राविधिक क्षमता सुधार गर्ने लक्ष्य राख्दछ र यसको नेप्से बजारमा कुनै प्रत्यक्ष वा अप्रत्यक्ष प्रभाव देखिँदैन।,"{""confidenceBand"": ""high"", ""eventType"": ""regulation"", ""evidence"": [""कलेजले एसीसीएसँगको सहकार्यमा पोखरा इभेन्ट सेन्टरमा आईएफआरएस र एनएफआरएस सम्बन्धी एकाउन्टिङ शिक्षक कार्यशाला आयोजना गर्ने भएको छ ।"", ""यो कार्यशाला जुन ६ (जेठ २३) मा आयोजना हुनेछ र यसले उच्च माध्यमिक तहका शिक्षकहरूको प्राविधिक क्षमता सुदृढ गर्ने लक्ष्य राखेको छ ।"", ""विशेष गरी अन्तर्राष्ट्रिय वित्तीय प्रतिवेदन मापदण्ड (आईएफआरएस) र नेपाल वित्तीय प्रतिवेदन मापदण्ड (एनएफआरएस) का क्षेत्रमा भइरहेको तीव्र परिवर्तनलाई कार्यशालामा प्रष्ट्याइनेछ ।""], ""evidenceSentenceIds"": [""S3"", ""S4"", ""S5""], ""impactDirection"": ""uncertain"", ""impactHorizon"": ""short_term"", ""impactMechanism"": ""regulation"", ""impactScope"": ""sector"", ""language"": ""en"", ""rationale"": ""The selected evidence reports a regulatory, policy, or legal development that will affect the operations, strategy, or direction",https://www.onlinekhabar.com/2026/06/1945888/accounting-teacher-workshop-to-be-held-in-pokhara-collaboration-between-british-college-and-acca
qwen-qlora,structured_json,invalid_json,6a2f0a578a1c034887d3084d,वैदेशिक रोजगार विभागले माग्यो केयर गिभर तालिम लिएका व्यक्तिहरूको विवरण,बिजनेस – Page 6 – Online Khabar,2026-06-03T13:55:02.000Z,ne,not_relevant,not_applicable,not_applicable,valid_json,invalid_or_truncated_json,S2;S5;S11,,,"यो समाचार वैदेशिक रोजगार र श्रम प्रवजनसँग सम्बन्धित छ, जसको नेपालको शेयर बजारमा कुनै प्रत्यक्ष वा अप्रत्यक्ष प्रभाव देखिँदैन ।","{""confidenceBand"": ""high"", ""eventType"": ""regulation"", ""evidence"": [""वैदेशिक रोजगार विभागले केयरगिभरको तालिम लिएका व्यक्तिहरूको विवरण माग गरेको छ ।"", ""विभागले इजरायलका दीर्घकालीन स्याहार केन्द्रहरूमा नेपाली सहायक कामदारका लागि २ हजार ३ सय कोटामा आवेदन आह्वान गरेको छ ।"", ""विभाग, सीटीईभीटी, एनएभीटीमा दर्ता भएका तालिम प्रदायक संस्थासँग प्रारम्भदेखि हालसम्म केयरगिभर तालिम लिएका प्रशिक्षार्थीहरूको विवरण उपलब्ध गराउन अनुरोध गरिएको छ ।""], ""evidenceSentenceIds"": [""S2"", ""S5"", ""S4""], ""impactDirection"": ""uncertain"", ""impactHorizon"": ""short_term"", ""impactMechanism"": ""regulation"", ""impactScope"": ""sector"", ""language"": ""en"", ""rationale"": ""The selected evidence reports a regulatory or policy change that will affect the market or a sector. This makes the record direct to NEPSE and supports the regulation label through the regulation mechanism."", ""relevance"": ""direct"", ""sectors"": [""Healthcare""], ""summary"": ""The Department of Immigration and Foreign Employment has requested information on individuals who ",https://www.onlinekhabar.com/2026/06/1946177/department-of-foreign-employment-requests-details-of-people-who-have-undergone-care-giver-training
qwen-qlora,impactDirection,label_mismatch,6a2f0a578a1c034887d3084e,IPO Issue of Sanigad Hydro Limited Closing Today; Oversubscribed 5.88 Times So Far,ShareSansar,2026-06-04T00:52:00.000Z,en,direct,capital_action,bullish,bullish,uncertain,S1;S15;S16,SHL,Hydropower,"The IPO of Sanigad Hydro Limited has been oversubscribed 5.88 times and the company's issuer rating has been upgraded by ICRA Nepal, indicating strong investor demand and improved creditworthiness.","{""confidenceBand"": ""high"", ""eventType"": ""capital_action"", ""evidence"": [""Sanigad Hydro Limited is closing the issue of 46,74,000 units of IPO shares at a par value of Rs 100 from today, i.e., 21st Jestha, 2083."", ""According to CDSC, 24,95,437 applicants have applied for 2,75,28,100 units."", ""Thus, the issue has been oversubscribed 5.88 times."", ""LS Capital Limited has been appointed the issue manager for the public offering."", ""The remaining 46,74,000 units will be issued for the general public and will be closed from today.""], ""evidenceSentenceIds"": [""S1"", ""S14"", ""S15"", ""S12"", ""S11""], ""impactDirection"": ""uncertain"", ""impactHorizon"": ""short_term"", ""impactMechanism"": ""ownership_supply"", ""impactScope"": ""company"", ""language"": ""en"", ""rationale"": ""The closure of the IPO issue for Sanigad Hydro Limited marks the end of the public subscription period for its shares, with the issue being oversubscribed. This affects the company's capital structure and the availability of shares for public tradi",https://www.sharesansar.com/newsdetail/ipo-issue-of-sanigad-hydro-limited-closing-today-oversubscribed-588-times-so-far-2026-06-04
qwen-qlora,relevance,label_mismatch,6a2f0a578a1c034887d3084f,निगुरोको मूल्य बढ्यो,बिजनेस – Page 5 – Online Khabar,2026-06-04T06:28:23.000Z,ne,not_relevant,not_applicable,not_applicable,not_relevant,direct,S2,,,"यो समाचार स्थानीय कृषि उत्पादनको मूल्यसँग सम्बन्धित छ, जसको NEPSE वा सूचीकृत कम्पनीहरूसँग कुनै प्रत्यक्ष वा अप्रत्यक्ष सम्बन्ध छैन ।","{""confidenceBand"": ""high"", ""eventType"": ""market_trading"", ""evidence"": [""स्थानीय बजारमा निगुरोको मूल्य बढेको छ ।"", ""कालीमाटी फलफूल तथा तरकारी बजार विकास समितिको तथ्यांक अनुसार बिहीबार निगुरोको मूल्य बढेको हो ।"", ""निगुरोको मूल्य आज थोकमा प्रतिकिलो १० रुपैयाँ बढेको छ ।""], ""evidenceSentenceIds"": [""S2"", ""S3"", ""S4""], ""impactDirection"": ""bullish"", ""impactHorizon"": ""immediate"", ""impactMechanism"": ""market_flow"", ""impactScope"": ""market"", ""language"": ""en"", ""rationale"": ""The selected evidence reports a price increase for a listed security or market index, which supports the market trading label through a direct price movement mechanism."", ""relevance"": ""direct"", ""sectors"": [""Vegetables and Fruits""], ""summary"": ""The local market has seen an increase in the price of niguro, with the price rising by Rs 10 per kilogram."", ""symbols"": [], ""tags"": [""market_trading"", ""direct"", ""market_flow"", ""sectors"", ""vegetables_and_fruits""]}",https://www.onlinekhabar.com/2026/06/1946410/the-price-of-black-pepper-has-increased
qwen-qlora,structured_json,invalid_json,6a2f0a578a1c034887d30850,ग्लोबल आईएमई बैंकको अगुवाइमा सुपर तमोर जलविद्युत् आयोजनामा १९ अर्ब ऋण सम्झौता,बिजनेस – Page 5 – Online Khabar,2026-06-04T06:43:43.000Z,ne,direct,credit_financing,bullish,valid_json,invalid_or_truncated_json,S2;S4;S6,ADBL;GBIME;PRVU,Banking;Hydropower,बैंकहरूले ठूलो रकम कर्जा प्रवाह गर्दा ब्याज आम्दानी बढ्ने सम्भावना रहन्छ ।,"{""confidenceBand"": ""high"", ""eventType"": ""credit_financing"", ""evidence"": [""ग्लोबल आइएमई बैंकको अगुवाइमा १६६ मेगावाट क्षमताको सुपर तमोर जलविद्युत् आयोजनाको लागि वित्तीय व्यवस्थापन (ऋण) सम्झौता भएको छ ।"", ""कुल २५ अर्ब रुपैयाँ अनुमानित लागत रहेको उक्त आयोजनामा ग्लोबल आईएमई बैंकको अगुवाइमा सिद्धार्थ बैंक, लक्ष्मी सनराइज बैंक र प्रभु बैंक सहअगुवाइ तथा कृषि विकास बैंक र नेपाल एसबीआई बैंकको सहभागितामा बनेको कन्सोर्टियमले करिब १९ अर्ब रुपैयाँ लगानी हुनेछ ।"", ""जसमध्ये ग्लोबल आईएमई बैंकले ५ अर्ब रुपैयाँ, सिद्धार्थ बैंकले ४ अर्ब रुपैयाँ, लक्षमी सनराइज बैंकले ४ अर्ब र",https://www.onlinekhabar.com/2026/06/1946425/global-ime-bank-leads-19-billion-loan-agreement-for-super-tamor-hydropower-project
qwen-qlora,structured_json,invalid_json,6a2f0a578a1c034887d30851,१६६ मेगावाटको सुपर तमोर आयोजनालाई जुट्यो १९ अर्ब ऋण,बिजनेस – Page 5 – Online Khabar,2026-06-04T06:49:36.000Z,ne,direct,credit_financing,bullish,valid_json,invalid_or_truncated_json,S2;S3;S4;S8,GBIME;ADBL,Banking;Hydropower,विभिन्न बैंकहरूले जलविद्युत आयोजनामा ऋण प्रवाह गर्दा उनीहरूको कर्जा विस्तार र ब्याज आम्दानीमा वृद्धि हुन सक्छ ।,"{""confidenceBand"": ""high"", ""eventType"": ""credit_financing"", ""evidence"": [""१६६ मेगावाट क्षमताको सुपर तमोर जलविद्युत् आयोजनाका लागि ऋण लगानी जुटेको छ ।"", ""उक्त आयोजनामा ग्लोबल आइएमई बैंकले ५ अर्ब रुपैयाँ ऋण लगानी गर्ने भएको छ ।"", ""साथै सिद्धार्थ बैंकले ४ अर्ब, लक्ष्मी सनराइज बैंकले ४ अर्ब, प्रभु बंैकले ३ अर्ब ५० करोड, कृषि विकास बैंकले १ अर्ब ५० करोड तथा नेपाल एसबीआई बैंकले १ अर्ब रुपैयाँ लगानी गर्ने सहमति भएको छ ।""], ""evidenceSentenceIds"": [""S2"", ""S3"", ""S4""], ""impactDirection"": ""bullish"", ""impactHorizon"": ""medium_term"", ""impactMechanism"": ""financing_liquidity"", ""impactScope"": ""sector"", ""language"": ""en"", ""rationale"": ""The selected evidence reports a credit or financing transaction for listed firms or sectors. This makes the record direct to NEPSE and supports the credit_financing label through the financing mechanism."", ""relevance"": ""direct"", ""sectors"": [""Hydropower""], ""summary"": ""The 166 MW Super Tamor hydropower project has secured a total of 1",https://www.onlinekhabar.com/2026/06/1946442/the-166-mw-super-tamor-project-has-secured-a-loan-of-19-billion
qwen-qlora,relevance,label_mismatch,6a31634a8dd189ed627e3646,७७ दिनका लागि बैंकिङ प्रणालीबाट ७० अर्ब खिच्दै राष्ट्र बैंक,बिजनेस – Page 5 – Online Khabar,2026-06-05T06:03:20.000Z,ne,indirect,monetary_liquidity,uncertain,indirect,direct,S1;S2;S3,,Banking;Finance,"छानिएका प्रमाण वाक्यहरूले तरलता, ब्याजदर वा मौद्रिक नीतिसम्बन्धी अवस्था देखाउँछन्। यसले NEPSE सँग indirect सम्बन्ध राख्छ र सम्भावित प्रभावको संयन्त्र वित्तीय तरलता हो।","{""confidenceBand"": ""high"", ""eventType"": ""market_trading"", ""evidence"": [""नेपाल राष्ट्र बैंकले शुक्रबार फेरि ७० अर्ब रुपैयाँ बैंकिङ प्रणालीबाट खिच्ने भएको छ ।"", ""राष्ट्र बैंकले ७७ दिने अवधिका लागि निक्षेप संकलन उपकरणमार्फत सो रकम खिच्न लागेको हो ।"", ""दिउँसो ३ बजेसम्म बैंक तथा वित्तीय संस्थाले आफूले राख्न चाहेको रकम, चाहेको ब्याजदर तोकेर आवेदन दिन सक्नेछन् ।""], ""evidenceSentenceIds"": [""S2"", ""S3"", ""S5""], ""impactDirection"": ""bearish"", ""impactHorizon"": ""short_term"", ""impactMechanism"": ""market_flow"", ""impactScope"": ""market"", ""language"": ""en"", ""rationale"": ""The Nepal Rastra Bank (NRB) is withdrawing 70 billion rupees from the banking system through the deposit collection mechanism for a period of 77 days. This action increases liquidity in the banking system and affects the availability of funds for lending and investment."", ""relevance"": ""direct"", ""sectors"": [""Banking""], ""summary"": ""Nepal Rastra Bank (NRB) is withdrawing 70 billion rupees from the banking system through the deposit collection ",https://www.onlinekhabar.com/2026/06/1947105/nepal-rastra-bank-withdraws-70-billion-from-the-banking-system-for-77-days
qwen-qlora,impactDirection,label_mismatch,6a31634a8dd189ed627e3646,७७ दिनका लागि बैंकिङ प्रणालीबाट ७० अर्ब खिच्दै राष्ट्र बैंक,बिजनेस – Page 5 – Online Khabar,2026-06-05T06:03:20.000Z,ne,indirect,monetary_liquidity,uncertain,uncertain,bearish,S1;S2;S3,,Banking;Finance,"छानिएका प्रमाण वाक्यहरूले तरलता, ब्याजदर वा मौद्रिक नीतिसम्बन्धी अवस्था देखाउँछन्। यसले NEPSE सँग indirect सम्बन्ध राख्छ र सम्भावित प्रभावको संयन्त्र वित्तीय तरलता हो।","{""confidenceBand"": ""high"", ""eventType"": ""market_trading"", ""evidence"": [""नेपाल राष्ट्र बैंकले शुक्रबार फेरि ७० अर्ब रुपैयाँ बैंकिङ प्रणालीबाट खिच्ने भएको छ ।"", ""राष्ट्र बैंकले ७७ दिने अवधिका लागि निक्षेप संकलन उपकरणमार्फत सो रकम खिच्न लागेको हो ।"", ""दिउँसो ३ बजेसम्म बैंक तथा वित्तीय संस्थाले आफूले राख्न चाहेको रकम, चाहेको ब्याजदर तोकेर आवेदन दिन सक्नेछन् ।""], ""evidenceSentenceIds"": [""S2"", ""S3"", ""S5""], ""impactDirection"": ""bearish"", ""impactHorizon"": ""short_term"", ""impactMechanism"": ""market_flow"", ""impactScope"": ""market"", ""language"": ""en"", ""rationale"": ""The Nepal Rastra Bank (NRB) is withdrawing 70 billion rupees from the banking system through the deposit collection mechanism for a period of 77 days. This action increases liquidity in the banking system and affects the availability of funds for lending and investment."", ""relevance"": ""direct"", ""sectors"": [""Banking""], ""summary"": ""Nepal Rastra Bank (NRB) is withdrawing 70 billion rupees from the banking system through the deposit collection ",https://www.onlinekhabar.com/2026/06/1947105/nepal-rastra-bank-withdraws-70-billion-from-the-banking-system-for-77-days
qwen-qlora,relevance,label_mismatch,6a31634a8dd189ed627e3652,मौद्रिक नीतिका लागि राष्ट्र बैंकले माग्यो सुझाव,बिजनेस – Page 5 – Online Khabar,2026-06-05T07:51:47.000Z,mixed,indirect,monetary_liquidity,uncertain,indirect,direct,S1;S2;S3,,Banking,"The selected evidence reports liquidity, deposits, rates, or monetary-policy conditions relevant to market financing. This makes the record indirect to NEPSE and supports the monetary_liquidity label through the financing and liquidity mechanism.","{""confidenceBand"": ""high"", ""eventType"": ""regulation"", ""evidence"": [""आगामी आर्थिक वर्ष २०८३/८४ को मौद्रिक नीतिका लागि नेपाल राष्ट्र बैंकले सुझाव माग गरेको छ ।"", ""नेपाल राष्ट्र बैंक ऐन २०५८ को व्यवस्था बमोजिम सुझाव माग भएको हो ।"", ""इच्छुक आम सर्वसाधारण तथा संघसंस्थाले असार ५ गतेभित्र इमेलमार्फत सुझाव दिन सक्नेछन् ।""], ""evidenceSentenceIds"": [""S2"", ""S3"", ""S4""], ""impactDirection"": ""uncertain"", ""impactHorizon"": ""medium_term"", ""impactMechanism"": ""regulation"", ""impactScope"": ""sector"", ""language"": ""en"", ""rationale"": ""The selected evidence reports a regulatory or policy change that will affect the operations, costs, or risk profile of the listed sector or industry."", ""relevance"": ""direct"", ""sectors"": [""Banking""], ""summary"": ""The Nepal Rastra Bank has requested suggestions for the monetary policy of the upcoming fiscal year 2083/84. Interested individuals and organizations can submit their suggestions via email by May 5."", ""symbols"": [], ""tags"": [""monetary policy"", ""nrb"", ""regulation""]}",https://www.onlinekhabar.com/2026/06/1947212/nrb-seeks-suggestions-for-monetary-policy
qwen-qlora,structured_json,invalid_json,6a31634a8dd189ed627e358f,SEBON Adds Another IPO Shares of Two Hydropower Companies to It's Pipeline,ShareSansar,2026-06-05T08:02:00.000Z,en,direct,regulation,uncertain,valid_json,invalid_or_truncated_json,S1;S2;S3,,Hydropower,"The selected evidence reports a regulatory or policy change affecting listed securities, issuance, or market access. This makes the record direct to NEPSE and supports the regulation label through the regulatory mechanism.","{""confidenceBand"": ""high"", ""eventType"": ""capital_action"", ""evidence"": [""The IPO proposal of Raghuganga Hydropower Limited (RGHL) has been added to SEBON's pipeline."", ""Raghuganga Hydropower Limited has submitted a proposal to issue 1.5 Crores shares at a par value of Rs."", ""100 per share."", ""This IPO issue will generate Rs."", ""1.5 arba for the company."", ""NIC Asia Capital Limited has been appointed the issue manager for this issue."", ""It is only after the approval from the regulatory board SEBON, the company can float the shares to the local and the general public."", ""The IPO proposal of Super Hewa Power Company Limited (SHEPCL) has been added to SEBON's pipeline."", ""Super Hewa Power Company has submitted a proposal to issue 19.25 lakhs shares at a par value of Rs."", ""100 per share."", ""This IPO issue will generate Rs."", ""19.25 crore for the company."", ""Laxmi Sunrise Capital Limited has been appointed the issue manager for this issue."", ""It is only...""], ""evidenceSentenceIds"": [""S1"", ""S",https://www.sharesansar.com/newsdetail/sebon-adds-another-ipo-shares-of-two-hydropower-companies-to-its-pipeline-2026-06-05
qwen-qlora,structured_json,invalid_json,6a2f0a578a1c034887d30856,Nepse slips as post-budget rally loses momentum,The Kathmandu Post - Money,2026-06-06T00:00:00.000Z,en,direct,market_trading,bearish,valid_json,invalid_or_truncated_json,S1;S2;S3;S7;S8;S6,,Others,"The market decline is driven by investor profit-booking and a ""buy the rumour, sell the fact"" pattern following the federal budget announcement, which also led to a slowdown in liquidity and trading activity.","{""confidenceBand"": ""high"", ""eventType"": ""market_trading"", ""evidence"": [""The Nepal Stock Exchange (Nepse) index fell this week as the post-budget rally lost momentum, with investors booking profits after the federal budget failed to provide fresh triggers for sustained gains."", ""The benchmark index declined 26.69 points, or 0.96 percent, to close at 2,755.41, down from 2,782.10 the previous week, as the “buy the rumour, sell the fact” pattern played out in the immediate aftermath of the announcement."", ""Market capitalisation also contracted, falling to Rs4.701 trillion from Rs4.746 trillion, wiping out around Rs45 billion in investor wealth over five trading days."", ""The decline reflected a broader reassessment of fiscal measures and near-term market direction by investors."", ""Key market indicators also weakened."", ""The Sensitive Index, which reflects Class ‘A’ stocks, fell 3.52 points to 471.99, while the Float Index declined 1.09 points to 187.87 and the Sensitive Float Index slipped ",https://kathmandupost.com/money/2026/06/06/nepse-slips-as-post-budget-rally-loses-momentum
qwen-qlora,structured_json,invalid_json,6a2f0a578a1c034887d30857,पछिल्लो पाँच महिनामा प्रोटोनले बेच्यो ८४ हजारभन्दा बढी गाडी,बिजनेस – Page 5 – Online Khabar,2026-06-06T11:27:01.000Z,ne,not_relevant,not_applicable,not_applicable,valid_json,invalid_or_truncated_json,S2;S10,,,"यो समाचार प्रोटोन ब्रान्डको बिक्री विवरण र नेपालमा यसको वितरक जगदम्बा मोटर्स प्रालि (निजी कम्पनी) का बारेमा मात्र केन्द्रित छ, जसले शेयर बजारमा प्रत्यक्ष वा अप्रत्यक्ष प्रभाव पार्ने कुनै स्पष्ट संयन्त्र देखाउँदैन।","{""confidenceBand"": ""high"", ""eventType"": ""earnings"", ""evidence"": [""अग्रणी अटोमोबाइल कम्पनी प्रोटोनले सन् २०२६ को पाँच महिनामा ८४ हजार २९४ युनिट आफ्ना सवारीसाधन बिक्री गरेको छ ।"", ""योसँगै विद्युतीय सवारीसाधनतर्फ प्रोटोन ई–मासले मलेसियाको विद्युतीय (ईभी) तथा प्लग इन हाइब्रिड (पीएचईभी) बजारमा आफ्नो स्थान अझै बलियो बनाएको हो ।"", ""प्रोटोन इमासले नेपालभर आफ्नो उपस्थितिलाई अझ सुदृढ गर्दै, दिगो नवप्रवर्तन, ग्राहक सन्तुष्टि र अत्याधुनिक ईभी प्रविधिमा आफ्नो मिसन अघि बढाइरहेको जनाएको छ ।""], ""evidenceSentenceIds"": [""S2"", ""S7"", ""S11""], ""impactDirection"": ""bullish"", ""impactHorizon"": ""medium_term"", ""impactMechanism"": ""earnings_cash_flow"", ""impactScope"": ""company"", ""language"": ""en"", ""rationale"": ""The selected evidence reports earnings, profit, or revenue performance for a listed company or sector. This makes the record direct to NEPSE and supports the earnings label through",https://www.onlinekhabar.com/2026/06/1948159/proton-has-sold-more-than-84000-vehicles-in-the-last-five-months
qwen-qlora,structured_json,invalid_json,6a2f0a578a1c034887d30858,"NEPSE Concludes The Week With 0.96% Loss and Turnover of Rs 26.94 Arba; Weekly Summary with Sector Comparison, Major Highlights, and More",ShareSansar,2026-06-07T03:13:00.000Z,en,direct,market_trading,bearish,valid_json,invalid_or_truncated_json,S1;S5;S8;S9;S10;S16,FMDBL;SKHL,,"The week ended with a decline in the NEPSE index, and technical indicators such as the MACD being below zero and the index trading below its exponential moving averages suggest bearish sentiment.","{""confidenceBand"": ""high"", ""eventType"": ""market_trading"", ""evidence"": [""The NEPSE Index closed at 2,755.41, down 26.69 points (0.96%)."", ""The highest intraday gain was 22.21 points on Tuesday, with a turnover of Rs 5.26 Arba; however, the total turnover for the week stood at Rs 26.94 Arba."", ""The Nepse Index is below both the 20-day Exponential Moving Average and the 5-day Exponential Moving Average."", ""The Index below the short moving average indicates earlier bearish sentiment."", ""The 2,650 level may serve as the nearest support, while the 2,870 zone will act as a major resistance zone."", ""Over 6.16 Crore unit shares have been traded through 2,94,462 transactions this week."", ""The current market capitalization of NEPSE is Rs."", ""4,701,282.07 million, i.e., Rs 47.01 Kharba."", ""The top three companies with the highest beta are First Microfinance Laghubitta Bittiya Sanstha Limited (FMDBL), Super Khudi Hydropower Limited (SKHL), and Hotel Forest...""], ""evidenceSentenceIds"": [""S1"", ""S5"", ",https://www.sharesansar.com/newsdetail/nepse-concludes-the-week-with-096-loss-and-turnover-of-rs-2694-arba-weekly-summary-with-sector-comparison-major-highlights-and-more-2026-06-07
qwen-qlora,structured_json,invalid_json,6a2f0a578a1c034887d30859,प्रभु बैंकद्वारा अन्नपूर्ण माविलाई स्मार्ट बोर्ड हस्तान्तरण,बिजनेस – Page 4 – Online Khabar,2026-06-07T05:48:31.000Z,ne,not_relevant,not_applicable,not_applicable,valid_json,invalid_or_truncated_json,S2,,,"यो समाचार प्रभु बैंकको संस्थागत सामाजिक उत्तरदायित्व (CSR) अन्तर्गतको शैक्षिक सहयोगसँग सम्बन्धित छ, जसको कम्पनीको वित्तीय अवस्था वा बजार मूल्यमा प्रत्यक्ष असर पर्ने कुनै संयन्त्र देखिँदैन।","{""confidenceBand"": ""high"", ""eventType"": ""donation"", ""evidence"": [""प्रभु बैंकले गण्डकी बिजनेस सेन्टरको समन्वय तथा पालुङटार शाखाको पहलमा संस्थागत सामाजिक उत्तरदायित्व कार्यक्रमअन्तर्गत अन्नपूर्ण माध्यमिक विद्यालयलाई स्मार्ट बोर्ड हस्तान्तरण गरेको छ।"", ""हस्तान्तरण कार्यक्रममा विद्यालय व्यवस्थापन समिति, शिक्षक, विद्यार्थी तथा स्थानीय सरोकारवालाहरूको सहभागिता रहेको थियो।"", ""सहभागीहरूले बैंकको यस सामाजिक कार्यको प्रशंसा गर्दै विद्यार्थीको शैक्षिक विकासमा महत्त्वपूर्ण योगदान पुग्ने विश्वास व्यक्त गरेका थिए।""], ""evidenceSentenceIds"": [""S2"", ""S7"", ""S8""], ""impactDirection"": ""bullish"", ""impactHorizon"": ""short_term"", ""impactMechanism"": ""operations_capacity"", ""impactScope"": ""company"", ""language"": ""en"", ""rationale"": ""The selected evidence reports a donation, grant, or",https://www.onlinekhabar.com/2026/06/1948409/prabhu-bank-hands-over-smart-boards-to-annapurna-secondary-school
qwen-qlora,structured_json,invalid_json,6a2f0a578a1c034887d3085d,"इप्पानमा विधान संशोधन विवाद चर्कियो, दुलालको आरोपको अध्यक्ष कार्कीद्वारा खण्डन",बिजनेस – Page 4 – Online Khabar,2026-06-08T08:45:12.000Z,ne,indirect,sector_industry,uncertain,valid_json,invalid_or_truncated_json,S2;S3;S5;S11,,Hydropower,इप्पान जलविद्युत क्षेत्रका ७०० भन्दा बढी कम्पनीहरूको प्रतिनिधित्व गर्ने संस्था हो । यसको विधान संशोधन र नेतृत्व छनोटको प्रक्रियाले क्षेत्रको समग्र नीतिगत पैरवी र स्थिरतामा प्रभाव पार्न सक्ने सम्भावना रहन्छ ।,"{""confidenceBand"": ""high"", ""eventType"": ""governance"", ""evidence"": [""स्वतन्त्र ऊर्जा उत्पादकहरूको संस्था नेपाल (इप्पान) ले संस्थाको विधान गायब भएको तथा विधानविपरीत साधारणसभा आयोजना गर्न लागिएको आरोपमा खण्डन गरेको छ ।"", ""इप्पानका अध्यक्ष गणेश कार्कीले एक प्रेस विज्ञप्ति जारी गर्दै संस्थाको २४ औँ वार्षिक साधारणसभा तथा आठौं अधिवेशन आगामी जेठ २९ गते वैधानिक रूपमा आयोजना हुन लागेको बताए ।"", ""उनले संस्थाविरुद्ध गरिएका आरोपहरू भ्रामक र कपोलकल्पित रहेको बताए ।""], ""evidenceSentenceIds"": [""S2"", ""S3"", ""S4""], ""impactDirection"": ""uncertain"", ""impactHorizon"": ""medium_term"", ""impactMechanism"": ""governance"", ""impactScope"": ""company"", ""language"": ""en"", ""rationale"": ""The record contains a statement from the chairman of the company, which is a direct statement from the company's management or board."", ""relevance"": ""direct"", ""sectors"": [""Hydropower""], ""summary"": ""The Independent Power",https://www.onlinekhabar.com/2026/06/1949387/controversy-over-amendment-to-ippan-constitution-flares-up-chairman-karki-refutes-dulals-allegations
qwen-qlora,relevance,label_mismatch,6a2f0a578a1c034887d3085e,बुद्ध एयरले ‘रोयल क्लब’ सदस्यलाई १२ सयसम्म छुट दिने,बिजनेस – Page 4 – Online Khabar,2026-06-08T09:15:34.000Z,ne,not_relevant,not_applicable,not_applicable,not_relevant,direct,S2,,,"यो समाचार बुद्ध एयरको प्रवर्द्धनात्मक (promotional) गतिविधिसँग सम्बन्धित छ, जसको नेप्से (NEPSE) वा कुनै पनि सूचीकृत कम्पनीको वित्तीय अवस्थामा कुनै प्रत्यक्ष वा अप्रत्यक्ष प्रभाव देखिँदैन ।","{""confidenceBand"": ""high"", ""eventType"": ""capital_action"", ""evidence"": [""बुद्ध एयरले आफ्ना ‘रोयल क्लब’ सदस्यका लागि ‘गज्जबको डिस्काउन्ट अफर’ सार्वजनिक गरेको छ ।"", ""अफर अनुसार धनगढी उडानमा १ हजार २ सय, नेपागञ्ज १ हजार तथा भद्रपुर उडानमा ८ सयसम्म छुट प्रदान गरिने छ ।""], ""evidenceSentenceIds"": [""S2"", ""S4""], ""impactDirection"": ""bullish"", ""impactHorizon"": ""short_term"", ""impactMechanism"": ""operations_capacity"", ""impactScope"": ""company"", ""language"": ""en"", ""rationale"": ""The selected evidence reports a company's capital action, such as a share buyback, dividend, or stock split, which directly affects the company's capital structure and shareholder value."", ""relevance"": ""direct"", ""sectors"": [""Airline""], ""summary"": ""Buddha Air has announced a special discount offer for its 'Royal Club' members for long-distance flights to Dhanchhori, Nepalgunj, and Bhadrapur."", ""symbols"": [""BUD""], ""tags"": [""discount"", ""royal club"", ""flight"", ""buddha air""]}",https://www.onlinekhabar.com/2026/06/1949459/buddha-air-will-offer-up-to-1200-discount-to-royal-club-members
qwen-qlora,structured_json,invalid_json,6a2f0a578a1c034887d3085f,अन्तर्राष्ट्रिय श्रम सम्मेलनमा नेपालको प्रतिबद्धता : आन्तरिक रोजगारी प्रवर्द्धनदेखि सुरक्षित आप्रवासनसम्म,बिजनेस – Page 4 – Online Khabar,2026-06-08T13:38:47.000Z,ne,not_relevant,not_applicable,not_applicable,valid_json,invalid_or_truncated_json,S2;S3;S7;S9,,,"यो समाचार नेपालको श्रम नीति, आप्रवासन र डिजिटल अर्थतन्त्रको विकाससँग सम्बन्धित छ। यसले नेप्सेको बजार वा कुनै सूचीकृत कम्पनीको वित्तीय अवस्थामा प्रत्यक्ष वा अप्रत्यक्ष असर पार्ने कुनै पनि ठोस बजार संयन्त्र (market mechanism) उल्लेख गर्दैन।","{""confidenceBand"": ""high"", ""eventType"": ""regulation"", ""evidence"": [""युवा, श्रम तथा रोजगार मन्त्री रामजी यादवले आगामी दशकलाई डिजिटल अर्थतन्त्रमा श्रमिकको संरक्षण, सुरक्षित तथा मर्यादित आप्रवासन र श्रमिक अधिकारको सुनिश्चिततालाई प्राथमिकतामा राखेको बताएका छन् ।"", ""नेपालले आगामी दशकलाई आन्तरिक रोजगारी प्रवद्र्धनको दशकका रूपमा अघि बढाउँदै मर्यादित आप्रवासन र श्रमिक अधिकारको सुनिश्चततालाई प्राथमिकतामा राखेको उनले बताए ।"", ""मानव मर्यादा, सामाजिक न्याय र सभ्य कामको प्रवद्र्धनका लागि सरकार, रोजगारदाता तथा श्रमिकबीचको त्रिपक्षीय सहकार्यलाई अझ सुदृढ बनाउनुपर्नेमा जोड दिए ।""], ""evidenceSentenceIds"": [""S2"", ""S3"", ""S6""], ""impactDirection"": ""uncertain"",",https://www.onlinekhabar.com/2026/06/1949689/nepals-commitment-to-the-international-labor-conference-from-promoting-domestic-employment-to-safe-migration
qwen-qlora,relevance,label_mismatch,6a2f0a578a1c034887d30860,"IMF flags rising crypto adoption in Nepal despite ban, urges close monitoring",The Kathmandu Post - Money,2026-06-09T00:00:00.000Z,en,indirect,regulation,uncertain,indirect,direct,S1;S2;S3,,Others,The IMF has urged Nepal to develop a regulatory framework for cryptocurrencies to protect financial stability and prevent the circumvention of capital controls and deposit outflows.,"{""confidenceBand"": ""high"", ""eventType"": ""regulation"", ""evidence"": [""The International Monetary Fund has flagged the growing adoption of cryptocurrencies in Nepal despite a legal ban and urged authorities to closely monitor the sector to safeguard financial stability and prevent illicit financial flows."", ""Flows of stablecoins and unbacked crypto assets grew markedly between 2019 and 2024, although adoption remains modest relative to peers, despite legal prohibition on crypto transactions,""], ""evidenceSentenceIds"": [""S1"", ""S2""], ""impactDirection"": ""uncertain"", ""impactHorizon"": ""medium_term"", ""impactMechanism"": ""regulation_implementation"", ""impactScope"": ""sector"", ""language"": ""en"", ""rationale"": ""The IMF report highlights the increasing adoption of cryptocurrencies in Nepal despite the legal ban, which has led to the emergence of illegal trading networks and the need for a regulatory framework to address financial stability and illicit flows."", ""relevance"": ""direct"", ""sectors"": [""Cryptocu",https://kathmandupost.com/money/2026/06/09/imf-flags-rising-crypto-adoption-in-nepal-despite-ban-urges-close-monitoring
qwen-qlora,structured_json,invalid_json,6a2f0a578a1c034887d30862,नबिल बैंक र धुलिखेल अस्पतालबीच स्वास्थ्य सेवा सुदृढ गर्ने साझेदारी,बिजनेस – Page 3 – Online Khabar,2026-06-09T07:06:18.000Z,ne,not_relevant,not_applicable,not_applicable,valid_json,invalid_or_truncated_json,S2;S6,,,"यो समाचार नबिल बैंकको सामाजिक उत्तरदायित्व (CSR) अन्तर्गतको क्रियाकलापसँग सम्बन्धित छ, जसले बैंकको वित्तीय अवस्था वा नेप्से बजारको संयन्त्रमा कुनै प्रत्यक्ष प्रभाव पार्दैन।","{""confidenceBand"": ""high"", ""eventType"": ""credit_financing"", ""evidence"": [""नबिल बैंक र धुलिखेल अस्पतालबीच अत्यावश्यक स्वास्थ्य सेवा सुदृढीकरण एवम् पुनर्स्थापना सेवाका लागि रणनीतिक साझेदारीसम्बन्धी आशयपत्रमा हस्ताक्षर भएको छ ।"", ""रणनीतिक साझेदारीअन्तर्गत, नबिल बैंकले नेपालभरि जलनका बिरामीको सघन उपचार, कृत्रिम अंग जडान र डायलासिस सेवा विस्तार गर्न धुलिखेल अस्पताललाई ६ करोड रुपैयाँ बराबरको आर्थिक सहयोग प्रदान गरेको छ।"", ""दुई पक्षबीच भएको सम्झौताअनुसार धुलिखेल अस्पतालमा १० शय्याको सघन जलन उपचार कक्ष स्थापना गरिनेछ र अस्पताल व्यवस्थापनको नेतृत्वमा अन्य प्रदेशमा पनि यस्तै सुविधा विस्ता�",https://www.onlinekhabar.com/2026/06/1950082/nabil-bank-and-dhulikhel-hospital-partner-to-strengthen-healthcare-services
qwen-qlora,structured_json,invalid_json,6a2f0a578a1c034887d30864,"विराटनगर विमानस्थलमा १०० रुपैयाँ पर्ने चकलेटको मूल्य २०० रुपैयाँ, ४ क्याफेलाई जरिवाना",बिजनेस – Page 3 – Online Khabar,2026-06-10T04:30:45.000Z,ne,not_relevant,not_applicable,not_applicable,valid_json,invalid_or_truncated_json,S2;S4;S7;S11,,,"यो समाचार स्थानीय प्रशासनले विराटनगर विमानस्थलका केही साना होटल र क्याफेलाई गरेको कारबाहीसँग सम्बन्धित छ, जसको NEPSE वा सूचीकृत कम्पनीहरूमा कुनै प्रत्यक्ष वा अप्रत्यक्ष प्रभाव देखिँदैन ।","{""confidenceBand"": ""high"", ""eventType"": ""regulation"", ""evidence"": [""मंगलबार बेलुका जिल्ला प्रशासन कार्यालय मोरङको नेतृत्वमा आकस्मिक अनुगमन भएको थियो ।"", ""अनुगमनका क्रममा उपभोक्तासँग चर्को मूल्य लिएर ठगी गर्ने चारवटा होटल र क्याफेलाई ३ लाखका दरले जरिबाना गरेको हो ।"", ""ममता होटलले १०० रुपैयाँ पर्ने डेरी मिल्क चकलेटलाई २०० रुपैयाँमा बिक्री गरेको थियो ।"", ""ग्यालेक्सी क्याफे एण्ड होटलले ५० रुपैयाँ पर्ने कोकाकोलाको बोतल १६० रुपैयाँमा बिक्री गरी बिल काटेको थियो ।"", ""गरिमा क्याफेले ५० रुपैयाँ पर्ने कोकाकोला ८० रुपैयाँमा बिक्री गरेको थियो ।""], ""evidenceSentenceIds"": [""S3"", ""S4"", ""S8"", ""S9"", ""S10""], ""impact",https://www.onlinekhabar.com/2026/06/1950723/chocolate-priced-at-rs-100-at-biratnagar-airport-costs-rs-200-4-cafes-fined
qwen-qlora,impactDirection,label_mismatch,6a2f0a578a1c034887d30865,NEPSE Records Marginal Gain of 2.57 Points After Consecutive Losing Sessions,ShareSansar,2026-06-10T09:44:00.000Z,en,direct,market_trading,neutral,neutral,bullish,S1;S5;S9;S13;S15;S17;S14;S10,AKJCL;KHPL;PBLD86,Hydropower;Trading,"The document reports the daily trading performance of the Nepal Stock Exchange (NEPSE), including index movement, turnover, sectoral performance, and specific stock activity.","{""confidenceBand"": ""high"", ""eventType"": ""market_trading"", ""evidence"": [""The Nepal Stock Exchange (NEPSE) recorded a single digit gain today gaining by 2.57 points (0.09%) to settle at 2,736.17."", ""This comes after a loss of 1.54 points in the yesterday's trading session."", ""Ankhu Khola Jalvidhyut Company Ltd (AKJCL) topped the turnover chart, recording transactions worth Rs."", ""28.00 crores."", ""Kalinchock Hydropower Limited (KHPL) and Led the gainer's list with 14.99%.The stock Closed at Rs."", ""1,152.00."", ""Meanwhile, 10.25% Prabhu Bank Debenture 2086 (PBLD86) recorded the Highest fall, falling by 8.71%, the last traded price of the company was Rs."", ""1,132.00 .""], ""evidenceSentenceIds"": [""S1"", ""S2"", ""S9"", ""S10"", ""S13"", ""S14"", ""S15"", ""S16""], ""impactDirection"": ""bullish"", ""impactHorizon"": ""immediate"", ""impactMechanism"": ""market_flow"", ""impactScope"": ""market"", ""language"": ""en"", ""rationale"": ""The selected evidence reports a marginal gain in the NEPSE index and highlights specific stocks a",https://www.sharesansar.com/newsdetail/nepse-records-marginal-gain-of-257-points-after-consecutive-losing-sessions-2026-06-10
qwen-qlora,structured_json,invalid_json,6a2f0a578a1c034887d30867,"NEPSE Records Single Digit Loss of 8.14 Points, Closes at 2,728.03",ShareSansar,2026-06-11T09:42:00.000Z,en,direct,market_trading,bearish,valid_json,invalid_or_truncated_json,S1;S5;S9;S13;S15;S17;S10;S14,CITY;SOPL;SAPDBL,Hotels and Tourism;Finance;Development Bank;Manufacturing and Processing,"The market index saw a marginal decrease, driven by sectoral movements and individual stock performances.","{""confidenceBand"": ""high"", ""eventType"": ""market_trading"", ""evidence"": [""The Nepal Stock Exchange (NEPSE) recorded a single digit fall today falling by 8.14 points (0.29%) to settle at 2,728.03."", ""The benchmark index opened at 2,736.85 and fluctuated between an intraday high of 2,740.61 and a low of 2,722.42 before settling at the close."", ""City Hotel Limited (CITY) topped the turnover chart, recording transactions worth Rs."", ""Sopan Pharmaceuticals Limited (SOPL) and Led the gainer's list with 15.00%.The stock Closed at Rs."", ""Meanwhile, Saptakoshi Development Bank Ltd (SAPDBL) recorded the Highest fall, falling by 13.51%, the last traded price of the company was Rs."", ""Among sectors, the Hotels And Tourism Index registered the highest gain by 0.47%, while Finance Index recorded highest fall, falling by 1.45%.""], ""evidenceSentenceIds"": [""S1"", ""S3"", ""S9"", ""S13"", ""S15"", ""S17""], ""impactDirection"": ""bearish"", ""impactHorizon"": ""immediate"", ""impactMechanism"": ""market_flow"", ""impactScope"": """,https://www.sharesansar.com/newsdetail/nepse-records-single-digit-loss-of-814-points-closes-at-272803-2026-06-11
qwen-qlora,structured_json,invalid_json,6a2f0a578a1c034887d30868,"धान रोपाइँमा मलको पिरलो नहुने कृषिमन्त्रीको आश्वासन, अपचलन रोक्न डिजिटल निगरानी",बिजनेस – Page 2 – Online Khabar,2026-06-11T11:57:11.000Z,ne,not_relevant,not_applicable,not_applicable,valid_json,invalid_or_truncated_json,S2;S4,,,"यो समाचार कृषि क्षेत्रको प्रशासनिक र व्यवस्थापकीय सुधारसँग सम्बन्धित छ, जसले शेयर बजारमा प्रत्यक्ष वा अप्रत्यक्ष प्रभाव पार्ने कुनै संयन्त्र देखिँदैन।","{""confidenceBand"": ""high"", ""eventType"": ""regulation"", ""evidence"": [""कृषि, वन तथा पर्यावरणमन्त्री गिता चौधरीले रासायनिक मल वितरण प्रणालीमा हुने अनियमितता र अपचलन रोक्न सरकारले डिजिटल निगरानी सुरु गरेको बताएकी छिन् ।"", ""मल वितरणमा हुने भेदभाव अन्त्य गर्न र पहुँचवालाको मात्रै हालिमुहाली रोक्न ‘अनुदानको मल वितरण व्यवसायन निर्देशिका २०७२’ प्रभावकारी रूपमा कार्यान्वयन गर्न लागिएको मन्त्री चौधरीले बताइन् ।"", ""मल वितरण झन्झटमुक्त र पारदर्शी बनाउन मन्त्रालयले ‘मल व्यवस्थापन सूचना प्रणाली’ पूर्णरूपमा कार्यान्वयनमा ल्याएको मन्त्री चौधरीको दाबी छ ।""], ""evidenceSentenceIds"": [""S2"", ""S7"", ""S4""], ""impactDirection"": ""uncertain"", ""impactHorizon"": ""medium_term"", ""impactMechanism",https://www.onlinekhabar.com/2026/06/1951824/agriculture-minister-assures-that-there-will-be-no-waste-of-fertilizer-in-rice-planting-digital-monitoring-to-prevent-misuse
qwen-qlora,structured_json,invalid_json,6a2f0a578a1c034887d30869,कुमारी बैंकको ‘ईआरपी’ एकीकृत डिजिटल कर्जा प्ल्याटफर्म सञ्चालनमा,बिजनेस – Page 2 – Online Khabar,2026-06-12T08:02:56.000Z,ne,direct,project_operations,bullish,valid_json,invalid_or_truncated_json,S2;S3;S8,KBL,Banking,नयाँ डिजिटल कर्जा प्ल्याटफर्मको सञ्चालनले बैंकको कर्जा विस्तारमा मद्दत पुग्ने र डिजिटल बैंकिङ सेवा मार्फत राजस्व वृद्धि हुने सम्भावना रहन्छ ।,"{""confidenceBand"": ""high"", ""eventType"": ""credit_debt"", ""evidence"": [""कुमारी बैंकले आफ्ना व्यवसायी ग्राहकलाई यस नवीन पहलमार्फत आईएमएसको ईआरपी सफ्टवेयरमार्फत विनाधितो कर्जा प्रदान गर्नेछ ।"", ""ईआरपी प्रणालीसँगको प्रत्यक्ष एकीकरणमार्फत बैंकले व्यवसायहरूको बिक्री, कारोबार तथा मौज्दातजस्ता वास्तविक समयमा डेटाका आधारमा कर्जा योग्यता मूल्याङ्कन गर्न सक्नेछ ।"", ""‘यसमार्फत ईआरपी प्रयोग गर्ने व्यवसायले आफ्नै कार्यसम्पादनका आधारमा ५ लाख रुपैयाँसम्मको चालु पूँजी कर्जा प्राप्त गर्न सक्नेछन्, जसलाई १२ महिनासम्मको समान मासिक किस्तामार्फत भुक्तानी गर्न सकिने व्यवस्था रहेको छ’ बैंकले एक विज्ञ",https://www.onlinekhabar.com/2026/06/1952369/kumari-banks-erp-integrated-digital-lending-platform-launched
qwen-qlora,structured_json,invalid_json,6a2f0a578a1c034887d3086b,"NEPSE Falls by Single Digit, Closes at 2,724.03, CFCL Topped the Turnover Chart",ShareSansar,2026-06-12T09:54:00.000Z,en,direct,market_trading,bearish,valid_json,invalid_or_truncated_json,S1;S5;S9;S11;S15;S17;S19;S10,CFCL;SOPL;KHPL,Finance;Manufacturing and Processing;Hydropower;Mutual Fund,"The document reports on the daily trading activity of NEPSE, including index movement, total turnover, specific stock performance, and sector-wise trends.","{""confidenceBand"": ""high"", ""eventType"": ""market_trading"", ""evidence"": [""The Nepal Stock Exchange (NEPSE) recorded a single digit fall today falling by 4.00 points (0.14%) to settle at 2,724.03."", ""Central Finance Co."", ""Ltd."", ""(CFCL) topped the turnover chart, recording transactions worth Rs."", ""25.53 crores."", ""Sopan Pharmaceuticals Limited (SOPL) and Led the gainer's list with 14.99%.The stock Closed at Rs."", ""531.70."", ""Meanwhile, Kalinchock Hydropower Limited (KHPL) recorded the Highest fall, falling by 10.66%, the last traded price of the company was Rs."", ""1,066.00."", ""Among sectors, the Mutual Fund registered the highest gain by 0.38%, while Manufacturing And Processing recorded highest fall, falling by 0.49%."", ""This comes after a fall of 8.14 points in the yesterday's trading session."", ""The benchmark index opened at 2,731.54 and fluctuated between an intraday high of 2,733.31 and a low of 2,717.69 before settling at the close."", ""Total turnover for the day amounted to Rs."", ",https://www.sharesansar.com/newsdetail/nepse-falls-by-single-digit-closes-at-272403-cfcl-topped-the-turnover-chart-2026-06-12
qwen-qlora,structured_json,invalid_json,6a2f0a578a1c034887d3086e,Traditional marketplaces in Nepal’s Tarai are shifting. So are crop yields,The Kathmandu Post - Money,2026-06-13T00:00:00.000Z,en,not_relevant,not_applicable,not_applicable,valid_json,invalid_or_truncated_json,S1,,,"The content focuses on rural agricultural trade dynamics and local market structures in the Tarai region, which does not have a direct or documented mechanism affecting the NEPSE or listed securities.","{""confidenceBand"": ""high"", ""eventType"": ""market_trading"", ""evidence"": [""For generations, grain markets known locally as galla mandis formed the economic heart of Nepal’s farming communities."", ""These bustling trading centres connected farmers with traders, ensured market access for agricultural produce, and provided a place where prices were determined through open competition."", ""Today, however, many of these once-thriving marketplaces stand deserted."", ""Across the Tarai districts of Rautahat, Banke, Bardiya and Kapilvastu, traditional grain depots have steadily disappeared, victims of changing trading patterns, declining agricultural production, expanding road networks, and the rise of direct farm-gate purchases by traders and processing industries."", ""What was once a vibrant system that offered farmers multiple buyers and greater bargaining power has gradually been replaced by decentralised village-level trading networks dominated by middlemen."", ""The transformation has fundamentall",https://kathmandupost.com/money/2026/06/13/traditional-marketplaces-in-nepal-s-tarai-are-shifting-so-are-crop-yields
